region,month,season,1,2,3,4,5,6,7,8,9,10,11,12,13,14,15,16,17,18,19,20,21,22,23,24,25,26,27,28,29,30,31,32,33,34,35,36,37,38,39,40,41,42,43,44,45,46,47,48
all,1,winter,397.2726487,334.1685376,320.0412553,311.6784276,315.3106851,321.3191455,337.0684168,362.4680667,416.4653832,510.779841,737.165373,1090.585702,1681.64544,2263.201984,2606.586222,2613.062116,2486.708944,2294.006067,2096.788737,1937.694713,1804.773084,1734.001246,1688.62787,1689.260677,1752.330929,1748.761979,1725.784308,1716.197532,1730.826583,1801.969452,1960.207279,2155.712794,2492.229193,2691.688693,2776.351004,2694.753595,2649.988539,2541.049555,2441.234914,2295.348211,2146.094601,1978.457764,1751.253431,1485.780519,1125.728206,794.7628397,565.5501952,439.1483008
all,2,winter,366.4185003,307.0389196,296.089444,292.3296431,297.5818978,308.5620478,323.6358544,348.9678906,408.3737023,513.8785612,742.2805578,1127.653994,1740.85436,2319.928039,2609.917773,2557.648072,2354.977772,2088.408173,1846.244378,1661.653687,1513.087701,1423.107131,1387.502762,1395.126654,1454.98916,1423.325572,1387.116233,1372.066118,1387.189384,1446.716317,1592.922702,1819.60993,2201.380703,2461.684407,2613.546714,2580.176274,2535.769665,2417.417192,2297.492784,2163.970053,2021.769973,1849.54984,1627.082673,1364.746697,1022.139912,715.2169253,506.1879829,395.7455986
all,3,spring,291.4225239,235.9419209,226.5661881,221.7601481,223.4417443,230.909838,243.7362857,263.6840459,315.9968507,408.7979725,621.0836838,980.5883339,1558.018482,2114.765482,2365.262114,2269.911511,2043.925154,1733.805402,1462.732142,1256.671989,1105.965376,1011.499907,971.2212029,973.8445246,1025.742905,989.6661587,955.3931051,936.1345782,951.6826252,988.4872088,1123.851298,1313.240537,1675.476346,1940.473803,2112.207308,2142.203203,2197.339653,2107.587184,1999.147637,1868.130024,1741.9277,1590.875065,1400.086707,1172.334648,880.088376,614.9128888,432.7442282,326.1839119
all,4,spring,311.7892682,236.021216,190.5118095,166.7757897,162.3709362,156.7256853,157.8942802,163.6108813,176.0223919,193.0756902,224.6419643,294.7189951,443.960427,727.10667,1197.524779,1634.699804,1828.674117,1717.029061,1513.217999,1253.490219,1046.874483,879.9867792,766.1918905,693.0604581,652.2443665,653.4985174,689.9566286,645.7444922,614.5198805,585.7740554,571.0008393,583.0580126,648.5008125,763.9295407,1012.532305,1178.66783,1277.022811,1285.077829,1338.723054,1328.49145,1342.543243,1328.109673,1296.363374,1181.952781,1027.125666,851.2446929,637.6931367,443.9123371
all,5,spring,216.9405619,164.8346384,138.0862421,118.3891915,112.7954071,107.5646161,108.2693995,111.3473037,116.4769723,127.1293318,148.6226642,205.3876723,313.1403348,516.9714234,849.524943,1137.967411,1227.206316,1125.834134,978.6205293,798.3346246,672.0913358,567.1308205,502.5407389,457.5837596,441.1211093,451.3542163,485.3373286,455.9937381,434.7683678,415.1344742,410.5106154,417.5415498,455.6529119,539.7861977,718.2720721,852.047905,905.4656772,894.9166561,916.5438544,878.1009599,856.649277,827.1653937,800.8936698,753.6111944,678.4743962,567.1050508,435.0255675,306.7991145
all,6,summer,122.4597698,93.22073085,72.19523864,61.03291032,55.18947349,50.17285529,49.25876639,49.29537141,49.3773973,53.51634942,63.55976973,85.55833828,137.7259472,212.0905012,340.592468,477.9684603,522.9593118,497.1855635,465.2120247,402.4334562,360.1401024,319.4331695,289.1834196,264.963695,255.431097,252.2808298,281.1889996,261.0301035,242.566488,226.6320163,212.7262953,209.5294295,221.32246,258.9999502,360.669187,455.9013911,512.8267193,488.7728919,509.4894944,473.7081776,444.9929773,402.9471115,370.9629962,332.754051,300.0393279,260.4281944,218.524515,165.3423552
all,7,summer,98.32808093,75.51681945,61.49032091,51.43620955,47.3864207,42.1828493,40.69875891,40.33798968,41.16071912,43.24233586,52.79181953,71.09474099,110.4829333,169.5242023,273.5447157,387.8718978,428.2014873,398.9779086,373.1328426,329.3096427,294.9521514,258.9448679,231.8035175,210.3123964,199.4410529,200.5590127,224.4067036,203.4814954,187.2719628,174.1695985,165.1791712,158.2179937,170.0543809,203.5131175,281.7143515,365.8963292,404.3596452,389.7148662,403.3702245,377.1360706,344.2896719,304.7190805,287.3459804,252.2645201,231.5709859,198.6316924,170.2153456,131.8051918
all,8,summer,89.78296843,67.86055437,54.16298364,46.25701914,43.27623757,39.23494477,36.91974362,37.25570116,38.0344936,39.64234297,49.55972171,63.26662125,97.81932539,144.4211179,235.7340656,325.5462725,368.9592883,353.8439814,336.9776349,300.8783078,272.9272585,243.3315949,215.425839,198.8547808,186.544327,185.7962481,204.4605312,184.4416036,173.4289382,161.1078308,153.4491169,147.3392141,159.6832917,190.4553753,267.1481158,335.1080891,374.3811571,360.0559692,374.8619183,349.2637314,325.3527389,294.7944753,272.2078323,239.5861396,211.3696794,177.9390786,151.1953675,117.1181912
all,9,autumn,138.041885,102.0807304,81.3487106,69.33787677,65.99516133,61.20126088,58.81082059,59.7269695,61.11409323,65.21107852,77.93703663,103.9180207,164.2553839,266.3994014,446.133846,614.1110258,712.2286,672.1600008,591.7077329,495.8383966,418.6505442,354.1405944,309.8268074,276.6875024,259.2530793,261.6535654,286.6380808,261.545934,246.9469673,233.3715209,226.6054899,227.7457759,246.4845257,297.4486612,414.0287035,512.2534547,575.4500168,576.7808719,617.3706466,617.8127517,604.1416313,554.6630759,503.4977844,440.4884562,382.4493769,318.2780847,254.9208969,187.7040852
all,10,autumn,278.0699437,207.7131684,167.8194038,145.5159928,138.9270062,136.6537196,135.8881433,139.8428289,152.0362762,177.9637745,236.9919209,335.4670605,527.0762576,794.674346,1160.333677,1429.262617,1552.368218,1449.041549,1276.305476,1080.386097,913.0370404,784.2803535,703.0730564,650.1140539,642.5901941,633.6274586,667.1398172,647.5286192,635.822723,630.9444462,658.3720863,709.8726622,833.5348532,990.5132622,1235.045248,1410.318607,1517.011854,1514.738709,1548.230702,1484.548448,1388.646728,1268.45812,1149.211415,1015.453751,862.8778956,703.3901659,532.9400283,374.0789073
all,11,autumn,269.303435,201.8841358,191.4133289,185.0435792,184.409459,185.6327043,197.4880496,214.1233246,253.393906,332.4897192,530.4706494,827.8853786,1348.376059,1827.519783,2072.145788,1994.562703,1782.624733,1518.888525,1298.077077,1140.363143,1019.493946,943.2896651,910.6874606,919.61157,991.8188808,984.810122,968.7551392,963.2298864,1001.403572,1077.445136,1249.015224,1471.047085,1869.027134,2115.676708,2209.97793,2103.52268,2069.290308,1948.11781,1832.421551,1696.77114,1573.287033,1431.509813,1254.000347,1051.092562,790.0971047,549.582918,380.487122,286.0237907
all,12,winter,353.131298,289.2668894,272.0526636,264.7251965,264.774183,268.1114911,283.3494398,303.3238988,355.2489888,439.2453009,667.7667779,1011.870401,1596.685743,2142.288874,2462.699737,2425.456987,2250.813285,2043.965189,1830.213639,1669.82626,1540.583427,1458.980371,1424.811938,1429.274169,1504.850141,1498.842273,1486.791557,1483.249943,1526.762887,1604.196831,1778.505559,1991.71684,2326.166026,2509.609485,2585.218419,2492.815895,2447.987284,2336.959759,2228.913552,2101.912745,1962.814059,1815.110777,1611.669903,1363.230704,1038.58474,737.3146511,525.4464185,409.1891982
west_midlands,1,winter,393.4383343,341.0148065,313.731548,314.3701346,316.0081604,313.8907459,321.1579921,360.1712563,424.658553,522.1063096,756.1433259,1089.00014,1646.739877,2195.372771,2552.178744,2548.866657,2450.829333,2275.616938,2128.689624,1998.909899,1872.361077,1804.240241,1748.841559,1772.87507,1803.6288,1833.014919,1793.620163,1782.038699,1784.716798,1842.190494,1970.855132,2120.280426,2472.91691,2679.344195,2712.97005,2657.843382,2605.78839,2517.044391,2408.28267,2299.485698,2148.869798,2006.274762,1825.157403,1578.930847,1208.360376,887.8491587,633.9660684,481.5779585
west_midlands,2,winter,357.3574456,321.1727234,296.4261535,297.3333951,298.7406103,303.9063146,310.5784288,334.4483498,399.9375695,517.2663029,767.099698,1125.988769,1744.765111,2285.368093,2566.837739,2526.959448,2315.37543,2085.706865,1865.907401,1681.314854,1534.414314,1439.287652,1414.334931,1427.689834,1461.873682,1444.431266,1410.427769,1390.288685,1399.369153,1461.585236,1596.73081,1806.973486,2205.915982,2435.32778,2541.96215,2549.379006,2493.846718,2410.393495,2302.109763,2178.144409,2036.519177,1884.758039,1688.354453,1438.709302,1095.196615,793.4528792,558.748371,427.4580707
west_midlands,3,spring,295.7895675,264.7887938,243.0033056,244.0818661,239.1593014,245.4305474,253.4523034,275.9374048,336.2837651,433.5298324,651.8447544,1021.86154,1582.879405,2118.341343,2349.800891,2278.774235,2026.215614,1778.228414,1519.043418,1313.904513,1171.559067,1086.984363,1055.021451,1063.693869,1081.412167,1053.641332,1031.987247,995.0404173,1007.025976,1059.151448,1182.368046,1345.830876,1680.398382,1914.557824,2050.344438,2103.229539,2152.619247,2089.964975,1975.932552,1878.327558,1757.960755,1617.242269,1461.461681,1258.225015,937.1822061,681.1883249,480.6197867,361.7837768
west_midlands,4,spring,341.7081905,252.4570084,198.4317983,178.4794846,166.1436863,157.6368403,156.9957871,161.9280224,178.5244594,193.0233501,220.7881457,273.9150252,424.8668011,693.8037199,1123.132751,1528.216852,1723.362129,1643.854006,1434.436728,1188.963406,1014.767978,873.5037983,764.9352605,692.8321345,662.5455686,672.8919216,706.2317087,665.5086387,632.3651541,589.7451653,567.131563,595.4411877,678.5076078,776.4696471,974.850577,1119.844863,1159.852773,1165.769546,1204.083092,1212.901916,1251.816336,1251.964303,1248.11637,1147.529031,1020.531473,856.4757199,663.9693221,485.6602353
west_midlands,5,spring,253.8646296,185.3704141,154.5967127,137.1733221,127.2996312,120.6227584,120.2281108,125.9482036,125.6131493,142.2952271,150.5949636,196.2129386,296.2742598,494.8295859,799.9864082,1065.256938,1210.10374,1109.047708,951.2638289,771.5624486,670.2431988,570.7828048,517.166916,471.0101148,454.3736382,459.5422611,505.2124118,491.4150037,460.2314614,433.7707512,419.9651249,437.3364451,488.6289748,559.2230323,711.5076599,830.4816563,842.5661153,852.8115689,849.0337372,837.5189969,825.3009799,813.9023285,803.1772627,781.5522706,715.4326836,611.7904963,492.0458329,359.149215
west_midlands,6,summer,137.9941042,99.68813798,78.88344773,65.25241992,56.65835093,52.468849,54.23600845,50.83733721,48.35022879,49.31019007,59.33394931,79.81467793,132.7871788,193.9161827,338.8557286,470.1468673,521.2864308,512.3478969,438.5236272,383.9504576,355.8277455,324.6987416,297.4149067,278.3218057,265.4278863,254.6917899,293.0248592,278.9955561,265.1330517,243.0172474,227.1182242,225.811686,253.2734952,284.1991376,349.1049366,424.4896603,447.2338085,437.4635692,459.0652059,430.3794879,416.4563974,403.5888332,365.3239616,350.0399067,316.8080781,276.7635516,245.5140356,189.0767775
west_midlands,7,summer,104.3326059,82.05455483,63.85720521,54.95536423,45.89910332,41.96972703,37.51785431,36.1790192,38.244485,41.09633392,46.15755436,60.88358991,117.8269719,147.7439692,237.6373591,362.7656721,385.0643945,363.3388351,321.5612601,294.8804555,283.1898905,254.1130376,228.0601095,213.6252182,205.4675052,210.8098318,231.6223615,212.8376051,196.5896286,181.9624663,177.5459451,174.4978972,199.9147358,226.184931,269.3535947,325.0749087,362.3090779,351.7631725,358.0524917,333.0918505,324.5635217,299.3899381,265.9911125,251.8078876,239.115815,195.5635217,170.5504285,144.6522377
west_midlands,8,summer,95.33641703,71.21273862,53.72940529,43.42107195,39.23546256,37.08406755,32.76009545,33.13781204,32.08671072,34.68865639,39.87863436,53.23226872,96.00638767,117.0713656,195.9734949,294.4567915,333.4704112,313.0031571,309.4253671,278.0297724,264.9823421,235.214978,211.1527533,199.4842511,192.2965125,188.5606094,205.6757342,187.1493025,177.656351,164.6993025,156.8273862,152.1051395,184.0059104,205.3053598,267.7882159,293.3434288,319.7845815,329.0772394,332.1618209,301.3194567,300.0012482,286.2679515,266.8918502,234.6973568,210.436417,176.1939427,155.2752937,122.881975
west_midlands,9,autumn,145.323824,112.0067957,92.26174212,77.6229073,63.3437865,63.19282908,57.96198634,57.13467596,60.23632889,59.47014476,71.76331717,96.4058684,154.7941458,230.470888,431.5425265,621.1961562,697.4774714,642.333876,565.3965243,470.8701731,400.4066117,339.71557,310.2411779,275.7351432,263.1803348,256.7858634,286.5074505,262.45043,248.9441829,231.295827,228.8931795,228.1129792,261.2940927,314.6232259,411.6020246,457.5592326,497.5205111,535.6645666,564.5962907,550.0150073,572.0161399,553.3502991,494.4539341,440.1100768,389.1017591,329.5718331,264.9096733,204.2403639
west_midlands,10,autumn,319.2083195,246.5562695,196.8753726,160.4206465,156.892992,148.947473,143.9440617,155.9947341,169.9716831,190.8971981,240.8454991,341.5294761,512.9677088,758.5727297,1175.306551,1460.650394,1581.547228,1483.972279,1298.721832,1108.599424,951.3972975,820.9421077,743.078658,702.9814201,688.5800159,673.8720276,721.9913228,730.7395178,676.4977479,664.6764258,693.5681592,746.4423727,909.4028946,1067.79072,1302.093495,1438.047394,1508.71958,1558.450553,1561.710671,1468.297576,1407.839173,1302.429357,1207.282109,1096.091177,944.1424124,803.0530569,617.9611181,451.0237133
west_midlands,11,autumn,261.6828431,230.3298797,211.7676828,202.3113623,199.4366379,205.2064937,207.4992442,227.8313283,266.7972539,352.0101405,556.1858349,821.0286893,1312.101279,1792.00803,2044.626378,2027.210745,1842.41094,1572.98945,1386.443818,1240.134755,1095.109592,1025.555552,982.5669522,972.13951,1052.126945,1058.668136,1056.663003,1056.046608,1073.836556,1152.053914,1344.071078,1535.180702,1881.392234,2124.838005,2178.329817,2148.249858,2061.422435,1963.875575,1868.885463,1742.200038,1631.272501,1510.120268,1359.396548,1189.127417,899.6757574,654.1626252,433.143415,330.6187567
west_midlands,12,winter,360.7437999,331.5293625,302.5282556,291.4066174,283.1208903,286.1356688,287.7098154,318.503904,377.7938792,470.3280881,713.8654082,1054.538966,1556.986598,2106.323541,2439.684895,2411.024591,2298.574595,2091.906872,1925.822,1781.788315,1635.434559,1556.957848,1517.084483,1540.352918,1586.866096,1613.850211,1592.615221,1566.557693,1578.929458,1674.390253,1811.686032,2005.286714,2340.476292,2524.579861,2542.632842,2498.161337,2438.332007,2350.564394,2256.840907,2137.638885,1999.471385,1880.614982,1709.290633,1493.973943,1141.602447,837.0453526,598.2025608,461.8970593
east_midlands,1,winter,365.5067524,334.909141,332.250957,333.336855,336.7937835,342.8642168,362.3551064,404.6393202,480.4959731,554.6044404,825.4099219,1241.761384,1865.19262,2472.915358,2694.731588,2711.213934,2543.589435,2299.240576,2085.696616,1913.577553,1802.376298,1732.732384,1695.682131,1688.811208,1784.0275,1772.921115,1706.230746,1702.906416,1741.342735,1851.141693,2045.357066,2285.205267,2593.016843,2716.085653,2748.67322,2663.288838,2595.511866,2465.668504,2380.671719,2240.182759,2093.667738,1911.938141,1674.051263,1413.706507,1036.379421,718.3617516,528.5568213,425.9167049
east_midlands,2,winter,327.6389905,310.2122259,306.018415,303.4491319,304.1137395,322.9189624,342.0584653,389.0639986,461.5207425,560.9904851,818.2462453,1250.562608,1961.492813,2515.683345,2665.025471,2599.37272,2339.201394,2042.535381,1824.326785,1642.191205,1475.421671,1393.403314,1324.464619,1349.47472,1409.847967,1370.58966,1313.333577,1317.870685,1326.646837,1432.084375,1659.485611,1909.121703,2275.711362,2517.769769,2576.314811,2549.23916,2444.09471,2322.895424,2231.136458,2088.319027,1955.209474,1769.556987,1530.067687,1287.775624,943.2724478,647.2669731,468.6149252,382.0839067
east_midlands,3,spring,262.2456227,249.1387986,240.4610401,238.5139059,236.7987876,244.9496058,257.5879491,294.6856414,356.1286,436.7673075,719.6998725,1091.985483,1761.713661,2282.060671,2445.920675,2350.991987,2067.998933,1735.798449,1465.971252,1285.221739,1114.91607,1029.745662,970.697505,1000.978901,1058.372714,1004.352109,938.2878737,919.869943,949.0011447,995.7566668,1190.957593,1434.255405,1762.434191,2014.73307,2105.346567,2164.768244,2116.874054,2028.474283,1931.866717,1793.191066,1661.254729,1512.999376,1301.589874,1090.722455,804.916851,570.0195645,405.3643364,318.2227021
east_midlands,4,spring,286.6206191,235.3110584,194.5461308,178.7409386,172.1544683,175.0952322,175.5145781,180.4034698,198.1738392,210.6387918,240.1524214,319.7568397,500.8536196,844.0904893,1357.273065,1762.321992,1897.453669,1804.439865,1507.429506,1234.457064,1025.772991,876.1183475,770.4069146,692.3617324,642.6131553,650.2355966,690.7422117,649.2210434,597.2171493,574.4974289,555.9247129,569.5136795,649.0718672,807.7424114,1050.149201,1196.688792,1238.860684,1240.377059,1251.501398,1267.591388,1289.66016,1260.101822,1211.542636,1078.359735,931.0729156,777.5455317,574.2828757,410.4134798
east_midlands,5,spring,190.2161176,154.7693419,134.8299666,118.7558671,117.1272882,114.9276529,115.791271,119.5479196,124.1544983,137.4812324,156.8277642,224.4271675,341.6477846,622.6465532,952.0146115,1204.144505,1254.800673,1159.532763,956.6679139,760.3949132,645.9848438,555.0206029,486.8907097,440.3286286,419.5943354,449.8727591,471.3948422,443.2836337,419.0055178,404.5335686,380.9959268,399.5069742,442.5603761,558.2954034,741.0599853,862.3841855,884.1469202,857.6628224,845.3012764,821.6691217,817.4314538,760.4323537,725.1741303,680.5707249,603.0214318,498.7018495,381.6433325,268.4708125
east_midlands,6,summer,108.805988,82.44203037,62.5565371,55.58857798,52.31997899,48.57028937,49.84882055,49.87522682,51.48300067,61.6408175,65.05419731,85.55305128,154.6356126,257.3846338,392.7869831,527.5570624,584.4773183,533.1208576,463.1628307,399.8923217,348.8881673,308.3973355,283.60276,264.4919301,244.7555152,255.4824754,291.9229777,265.5201986,248.3298634,223.7779104,212.8820552,203.2101518,231.538535,263.7729443,379.0711966,461.3876421,525.2661637,494.0867157,510.1912902,466.5240187,433.2575208,370.3459555,336.4910228,303.346242,278.9576449,237.23121,197.0019578,147.4765543
east_midlands,7,summer,73.74500372,58.03498491,46.11343858,39.99641405,39.1742686,35.63637556,33.9408755,37.03572834,34.75414353,39.83701404,46.80482792,61.03188,101.616784,181.8722176,284.6876722,377.1429571,410.3921809,364.4133467,333.3212052,284.2079416,241.2189618,214.1142695,193.5783006,170.7091005,169.7334587,173.9135435,201.6676433,181.6030087,161.9519395,151.6082127,143.871824,135.7821315,153.0546202,170.4407224,271.1002755,340.0438186,375.4039445,355.2274894,352.5831548,327.9383828,285.6020466,242.9653212,230.019198,193.3162636,185.0941094,155.1324179,134.4090611,102.9862247
east_midlands,8,summer,69.40855,54.20763713,40.66036352,36.2542587,33.41030239,32.75018339,32.4365474,30.90912055,31.42709267,36.47620018,40.0503301,53.8862173,89.31648871,152.6306952,238.6268237,308.6034314,340.3014916,324.2357568,296.7109381,262.5903904,222.5223735,196.2316815,176.4204092,165.5387562,151.2468009,157.4400522,180.7584563,161.8457494,151.4339392,138.8943679,123.5015486,125.1734453,147.6777651,169.1542506,259.0123889,324.2634689,345.4334094,328.3686119,334.5170756,314.4904638,279.2249165,247.1793137,219.9043524,190.228788,161.3829978,135.8477871,119.3944087,93.09063493
east_midlands,9,autumn,113.7034316,89.55439717,72.04354851,65.8799723,62.57978764,57.78021851,56.94344849,56.45348927,57.92502116,71.85258136,78.87877972,97.90894052,158.9844964,302.6263753,461.5203893,618.4828422,664.4097484,620.2841425,540.6636147,444.0026545,361.7804878,290.700854,260.6453412,236.395976,225.1181426,227.3197661,262.7540971,240.3705855,216.7222821,204.4263676,192.0785181,202.4222898,234.7022005,288.2673694,390.4445641,491.9635685,536.8702393,503.8407709,529.697661,529.4097869,527.6286451,483.5271216,415.8829345,363.6669616,312.8461568,259.3008771,215.2634069,158.0919443
east_midlands,10,autumn,249.225167,197.7646913,170.3642532,150.9604226,141.3920633,145.2142832,158.4452101,160.8917276,173.1791936,202.2468285,263.1596523,382.3447118,589.9045549,923.9414467,1284.313933,1523.500406,1547.323086,1497.64974,1293.493763,1082.395173,895.8717623,772.160041,698.2367221,640.9748754,621.0943496,614.0438531,673.1711015,650.1687339,625.1855896,630.2592671,677.4128768,749.4805824,907.3975759,1085.72151,1324.903813,1469.888512,1520.966889,1495.099968,1500.27531,1416.368706,1319.395526,1184.543482,1096.179936,948.9925086,808.7848687,642.4200502,489.7654334,333.1370366
east_midlands,11,autumn,232.6508888,215.835394,213.4750488,212.8535123,209.4345652,209.26102,218.724321,255.6289687,290.2283111,370.8909477,585.6868171,954.6497928,1516.274789,1997.477994,2140.449498,2134.841354,1806.068295,1527.538583,1306.093674,1120.853033,1018.267356,970.6494503,938.6572251,950.0052745,1023.031442,1025.425489,970.9727369,981.8507723,1052.116005,1151.725794,1312.768195,1605.891016,1990.539405,2186.515601,2219.99428,2091.723499,1999.712607,1876.956263,1788.41172,1648.625749,1536.374422,1372.782786,1218.03062,1001.075282,733.0288043,491.1534747,355.366887,284.640511
east_midlands,12,winter,331.9307351,296.4343365,294.3972044,297.89778,289.0977471,294.4834402,311.6875843,350.8711396,417.9537576,495.4431508,759.601184,1169.092156,1735.867423,2306.225785,2537.366552,2555.102023,2328.241473,2100.520506,1887.904226,1684.608453,1560.014965,1482.836902,1462.214537,1476.111528,1572.408058,1554.256471,1510.526986,1491.91656,1546.576484,1660.687091,1846.363756,2091.664858,2407.50666,2538.933268,2566.065384,2453.386417,2387.740109,2287.120408,2177.505049,2057.786713,1921.72419,1775.351554,1555.691531,1297.127907,967.1166256,670.9436935,502.1922381,409.2621937
south_west,1,winter,275.7785293,253.5614581,246.2098884,239.1168108,252.8290186,254.2685781,266.4822075,286.187861,341.4973813,419.8120193,618.243498,1049.7114,1781.121929,2416.682549,2729.381199,2569.707719,2291.353006,2011.525484,1742.041122,1567.440487,1448.690719,1353.609942,1307.534313,1329.97899,1365.394008,1383.360728,1401.875378,1388.603059,1387.394816,1464.563224,1606.975848,1828.980457,2356.261635,2653.404603,2777.198755,2618.892407,2513.085117,2396.917727,2308.91234,2140.989884,1969.55658,1780.271691,1540.942777,1263.637207,923.2742047,623.9448418,425.0805375,319.9827013
south_west,2,winter,248.5013729,233.7315657,233.3701733,223.6210171,236.5974487,236.4846405,252.4260912,288.1292832,346.3430582,423.9992849,632.8993765,1128.762056,1876.825982,2488.91731,2669.859447,2435.571535,2120.759339,1775.55792,1499.487444,1318.109147,1190.186259,1106.747411,1069.634632,1092.917396,1124.019249,1112.302328,1091.457153,1092.441422,1084.861392,1156.18297,1302.973171,1556.450117,2046.152394,2418.882873,2615.656084,2543.327813,2441.103884,2319.441479,2191.493421,2033.119616,1862.996739,1662.39583,1437.89849,1154.282507,839.2858532,538.7933471,357.0945598,279.3925405
south_west,3,spring,196.9701001,182.6902391,184.8700534,174.5510088,185.5609927,191.5476635,200.6123904,237.1024584,275.263031,342.2916083,547.3130802,1027.495617,1710.066542,2306.679866,2479.834656,2206.526555,1884.866164,1499.329677,1194.679762,992.6482807,848.9328873,751.6724236,715.1797625,736.4123749,755.8628702,739.2271148,725.3082568,697.1985893,678.4296458,718.1277423,858.2388362,1106.594782,1555.841346,1898.146102,2107.174939,2131.94785,2155.727841,2072.617966,1920.835304,1766.256755,1643.792957,1475.322338,1249.553524,1016.843473,739.4147088,474.1068409,306.8956486,235.2328458
south_west,4,spring,208.3072598,152.7504439,129.5928684,118.8125123,118.9773131,116.4219274,115.7554005,119.0686526,130.1679325,146.648476,177.5372115,240.730075,387.069417,723.2444269,1281.836235,1718.856974,1810.446612,1558.056323,1322.508606,1022.938252,811.2697771,673.647465,569.6106481,496.489495,457.8773673,474.7847948,485.2688893,453.3415121,435.714786,421.9308296,385.4171927,407.6624088,453.4107072,595.2689386,866.8696488,1077.911422,1201.996893,1214.019136,1234.776583,1207.05255,1197.733577,1140.326494,1088.249778,987.3826938,840.7993194,677.0710692,485.4712961,300.9607664
south_west,5,spring,145.569882,105.7849178,96.92472819,84.4317871,82.80320838,82.01819783,82.24904374,84.54266639,86.76778636,97.46574866,126.9637434,173.1806106,278.0922178,520.5541878,923.1567332,1217.85655,1229.963118,1045.906739,858.1036233,643.1087466,514.6216009,436.5130167,375.3145791,331.5839303,307.1432877,337.4972298,366.8163062,333.6201868,313.6372256,298.6762872,280.5804066,297.8953567,319.9320769,438.3669704,640.4702228,796.3403343,868.0974801,835.1596773,874.5502933,831.3127941,780.5888912,715.5026543,665.4722628,622.4483854,547.1928275,449.1841575,329.0004636,215.5978394
south_west,6,summer,81.35827557,66.26711613,49.29811984,42.96026018,43.05222676,39.30861267,40.67462729,40.53556168,39.55227424,38.56903428,48.35585414,71.85590162,108.8634982,208.6765739,321.577438,466.9399392,540.7900959,466.9086032,393.3777419,304.2110436,266.8116988,240.9482955,221.2616561,201.9693761,183.6523597,190.6433387,202.0280125,180.1512202,172.3290761,155.6351249,147.1524547,137.2163137,153.8594625,201.8833919,321.0833254,399.7301776,487.3576583,439.2147944,487.4564144,433.9304435,379.5949577,306.5828506,270.5541259,256.7322192,235.3502516,189.4902668,151.1339379,120.1782357
south_west,7,summer,68.51460456,51.21274887,43.15099125,35.07329754,33.34087162,30.58887433,32.76510124,31.18518832,31.63215961,30.83632751,39.8525595,56.48319736,88.33647546,150.0102295,247.3199053,374.2361669,406.3243015,367.1562751,313.3675445,258.8212368,210.1591495,193.105677,173.8640994,163.8121486,146.1034366,158.9849093,166.7791351,141.8188274,141.4852264,123.7687788,115.2317707,100.9917149,119.0217695,159.9318172,247.4273577,322.4621465,370.7638754,351.6644122,391.1534852,354.2961491,311.0379592,240.8278734,213.3765904,186.8273661,168.5322315,140.8434713,122.5844359,98.97894915
south_west,8,summer,67.81279134,49.30125622,40.49569408,35.5072292,32.87884175,31.10539622,31.63372047,32.78174133,35.62724184,31.49522004,42.49257328,58.11475863,91.00983645,145.8717311,230.0972584,327.2345738,363.2284902,322.1829422,284.8989097,238.1464407,217.7451608,193.2380501,177.3219167,159.984791,142.8283559,153.4775223,160.2493877,141.0054515,131.1934898,114.9591925,107.474678,104.3264992,110.8308051,148.4242712,232.6667457,295.6584104,363.0656159,338.8610255,349.9169629,308.0061231,289.4195307,232.4205183,193.3020858,169.1845224,152.6958205,126.387098,108.0307735,85.65805483
south_west,9,autumn,87.88352682,66.05281129,53.77945975,46.1377191,42.89050763,42.63111769,41.73935807,44.03031338,46.61601791,46.71242128,58.49901358,73.39733667,127.1077472,240.2047576,385.8029061,566.0244328,651.2123454,557.7205782,447.1409439,354.8199029,290.0120267,247.1664011,209.9265878,186.8532134,179.3868275,192.5637757,192.0919265,169.8986266,166.0069429,154.4618332,140.9767054,141.9961302,148.4554594,205.0240155,327.450717,418.8904697,493.0144548,459.920214,494.5919645,489.3758631,480.403976,392.5732984,329.3267699,287.1750892,256.8188406,210.5383185,168.778056,120.298619
south_west,10,autumn,199.6613077,154.7217756,123.8168377,119.1177421,109.2091438,106.8448288,112.2773272,110.8950693,123.4937917,149.3619465,211.6326348,297.2841097,487.957188,788.2490849,1158.084296,1463.299648,1478.188079,1323.295701,1086.216967,871.2594919,691.0607909,560.6542381,503.6720735,465.7558674,465.5636259,473.9494366,477.1235556,463.5293548,450.258487,433.9883012,458.4800115,499.869949,631.4744491,830.8683701,1101.389543,1244.470394,1406.794804,1392.874148,1424.019378,1374.551532,1263.257339,1121.852365,989.9067322,878.4040408,727.2169669,574.7275892,424.3811455,287.6854231
south_west,11,autumn,177.4132209,164.0735788,157.8027155,151.3866146,155.0864363,156.6455462,167.4719536,178.2308853,225.7560173,300.0056916,469.3629912,806.4003977,1424.165055,1938.076116,2106.121271,1971.26524,1646.544675,1355.169307,1062.163684,900.6662895,788.8482137,711.8051841,659.2482342,677.8104642,750.8711856,742.6898101,745.5416238,746.2616746,745.0017486,819.4259412,953.1754097,1216.272578,1756.879312,2037.232771,2208.967291,2083.397312,2018.861757,1906.251594,1746.319104,1611.279641,1462.736405,1311.509257,1110.640369,912.0704245,661.2202907,417.3162244,274.0526641,210.68909
south_west,12,winter,234.6098629,210.31281,203.1387025,197.0722368,211.1511526,206.9650164,221.8136044,236.2818144,313.4719385,365.0075544,551.3638427,943.6610576,1639.109685,2248.808384,2554.322115,2406.950815,2100.654865,1817.789223,1515.634536,1313.088351,1202.879681,1114.228609,1062.193723,1085.356904,1146.504588,1139.964595,1149.571734,1150.923613,1160.407969,1239.989495,1425.154071,1655.158902,2218.138832,2460.550563,2574.462633,2438.032584,2347.373764,2229.271115,2111.354991,1993.775152,1819.936225,1655.481049,1432.123172,1176.166877,880.9538955,562.6961061,377.3809292,290.8718024
london,1,winter,501.7448441,444.8432945,412.4524295,402.6349968,413.1185482,409.4007715,434.5950643,468.5898262,519.3108905,635.295987,923.9532733,1383.743924,2053.225941,2576.005808,2779.261709,2727.759441,2580.238916,2357.261402,2166.443838,2005.163565,1896.881474,1819.806036,1759.860149,1761.192934,1833.921099,1798.058825,1753.309378,1732.276744,1735.795625,1779.27315,1888.248077,2067.417319,2345.808184,2618.856883,2755.420869,2791.575164,2853.901791,2789.266158,2648.898766,2543.284327,2411.725316,2254.346308,2047.623425,1789.604598,1421.913516,1050.180639,761.1416048,589.024766
london,2,winter,438.9774981,401.4162327,372.6820605,371.2963675,394.1349905,398.3784197,419.7973386,445.6707373,512.8004381,652.3389536,939.6364369,1441.231734,2093.033061,2592.744876,2765.537544,2635.895095,2391.045562,2091.049736,1850.51591,1694.621312,1578.71415,1496.917576,1438.353438,1441.492892,1526.534817,1479.024878,1423.649103,1386.251302,1376.746549,1400.068415,1508.082631,1692.550769,2031.69671,2334.010311,2532.429457,2616.586267,2736.632304,2618.649062,2492.40743,2374.791966,2225.358583,2077.970307,1879.531346,1624.349802,1278.386623,936.8142408,660.8563518,516.998099
london,3,spring,361.8130692,317.2020733,302.6429471,294.932599,304.1931877,306.9813588,335.0988523,350.3534247,405.9465568,540.3307108,796.8109774,1290.362755,1923.839522,2400.988153,2561.427675,2395.276009,2156.748241,1872.131877,1596.145483,1409.517938,1279.534376,1176.174954,1101.600426,1094.860644,1178.81916,1126.883839,1084.202684,1069.474565,1062.830452,1058.284598,1143.208923,1291.632766,1598.160663,1865.82612,2082.197242,2223.113791,2420.706442,2344.038504,2230.951092,2111.193706,1962.890985,1821.384654,1650.60622,1431.796779,1124.059922,814.032562,578.084913,435.227823
london,4,spring,410.0311481,318.3764254,253.490479,219.2547875,204.2770542,197.4984417,205.8168405,214.8804698,240.9280477,254.5561801,294.7217568,370.1568755,572.2155506,954.8247491,1419.777874,1764.855519,1880.196094,1777.823398,1601.441856,1354.235619,1157.730458,1009.281846,920.2582104,836.5770776,790.9739141,777.0047019,814.9541516,752.4960997,717.5082239,688.6768632,657.1781873,643.2570754,685.1644958,796.6751157,1008.628763,1171.453692,1334.931777,1416.128376,1524.308923,1498.083392,1509.009638,1494.138968,1417.13623,1305.290007,1183.283918,1003.225315,791.470194,574.4171576
london,5,spring,271.6239834,207.0170484,172.6831932,148.0782999,134.827764,127.276772,131.7323817,136.2237724,146.8906489,151.6701433,185.4120189,228.2037976,391.8548508,644.8204648,977.7538367,1188.003964,1225.294756,1131.933695,989.4437336,837.0691122,712.7345765,605.070031,552.0068568,517.6719298,495.0529146,501.0839487,531.3502739,493.4183823,464.4455031,444.6839929,422.1308572,402.9864056,430.575952,518.6446558,669.4918161,801.6720659,884.0658454,936.674618,1016.06736,971.1003505,951.9408582,933.7118624,893.0525743,840.108092,769.0742845,652.5942764,519.9514922,381.4702249
london,6,summer,156.994379,116.6060199,89.56601995,74.39459655,63.71818676,57.22977335,56.33142339,53.11510426,54.01425204,62.08217588,74.24721668,92.05374433,144.7598187,242.9786038,387.2168631,461.2910607,452.8932729,466.0618676,447.3376247,411.9022665,367.3897008,329.4471442,301.3976428,280.6800363,274.5685947,268.1314959,305.0622303,275.4459837,254.7454941,243.1369356,220.971786,214.8804714,220.2140707,247.6412693,340.8697733,429.580272,476.5511151,479.0435177,542.0148323,512.7307706,492.4516047,453.7659474,405.4230281,373.2096102,335.4935993,297.9829193,264.8363373,206.4906981
london,7,summer,127.0283775,94.01363681,77.23698821,62.45118348,54.36676515,48.96171954,44.5010877,43.93048476,43.05341083,44.95285561,63.65784603,77.68515212,103.8370077,180.6876197,279.900289,346.6304425,342.8930809,367.5862528,367.3417643,324.1455891,293.8241177,277.0723725,251.5667392,227.0442222,216.225819,218.4200786,238.2783207,217.4516056,199.7528491,185.3625118,174.1300367,159.0283451,165.1834475,179.9077567,257.1915647,328.7032046,372.6121952,362.8377545,405.0573071,393.2233839,357.1482516,331.1497127,298.6060262,264.8634047,241.8487289,213.3793305,195.9480178,163.3168285
london,8,summer,105.694179,80.67449594,66.61709458,56.53641511,48.93004584,44.10982953,41.70394559,40.01285239,39.53551634,39.90607867,64.2881752,69.7417538,95.34255071,171.4783247,260.6293778,311.1522814,320.3896462,327.5093023,321.288355,292.2822134,273.7794721,252.6607448,234.7366308,214.650349,203.4291321,202.6621529,217.5520237,195.4630756,184.1652236,171.1980587,159.2787082,150.5564277,152.8937955,163.7193445,236.5656251,323.3456365,348.3561521,328.2800863,379.6508284,352.8012523,336.7320471,308.9017346,281.9651577,255.9287876,223.1348153,184.9787591,176.5227838,142.67153
london,9,autumn,160.4205906,118.046916,94.01713032,81.67951203,76.14781667,68.25347737,62.63704253,60.82368031,62.985891,67.86150382,94.28847908,131.9176548,178.7956048,314.7572113,504.7011743,606.8457987,654.5430681,618.8692851,555.3398985,476.2344659,417.5788964,366.6497549,325.5806921,295.4441056,280.2857143,278.6098221,303.7338103,278.9871451,268.0144225,244.292099,230.7885931,219.6421731,239.4448182,265.863271,351.1739824,489.0583457,536.0471155,551.5887014,610.2327557,604.0868202,588.4092179,536.7463801,482.6386672,435.3129917,383.4108425,332.4229848,278.5824022,219.697982
london,10,autumn,358.7285385,267.3808931,217.2888795,183.8453027,172.7173412,169.8616883,172.3079652,169.9652169,187.1971041,208.4874924,291.0581571,422.4490298,644.6759404,977.335151,1338.512269,1559.022845,1620.417873,1486.133706,1303.137544,1115.809858,964.742277,827.1506207,757.6677608,698.2322313,690.895492,668.5256638,701.962411,673.735421,656.9186542,630.5210578,631.8158403,654.3286921,740.4458533,883.5836355,1114.808164,1361.786193,1492.117452,1520.214707,1607.304445,1557.50364,1462.233158,1384.831352,1232.220266,1107.217804,963.749239,815.8595177,670.0997962,496.8580618
london,11,autumn,305.3209126,267.0481168,239.3822207,237.1467625,246.5430538,250.6890877,259.8541923,273.9594211,320.7884118,434.6435338,700.8465288,1069.559662,1628.852735,2054.636549,2232.897158,2066.486721,1811.893138,1544.054273,1357.99304,1225.716551,1116.482625,1035.536395,995.0064826,979.3130229,1060.604437,1024.057263,999.4906656,983.3521948,986.8915299,1025.046358,1118.87173,1324.648031,1677.890223,1980.338426,2137.741752,2148.141662,2266.210885,2139.163145,2064.697379,1926.563708,1774.703008,1653.185005,1493.19111,1271.946104,1015.824393,752.1697781,530.9339682,385.5865474
london,12,winter,445.1189623,391.7521559,359.862801,350.110009,347.8940436,355.6901418,382.2036897,408.5902879,459.78493,551.5109326,869.7059281,1271.395151,1914.35479,2405.198223,2598.675581,2475.52276,2273.015527,2068.590995,1858.618256,1740.903987,1604.252203,1532.785001,1501.906673,1490.252556,1565.779275,1526.805876,1490.89362,1467.903021,1491.396824,1543.898827,1678.443947,1860.322511,2157.379223,2421.326398,2546.755007,2576.608807,2667.689223,2554.713209,2447.039348,2333.131638,2173.829862,2037.937585,1843.574242,1618.796145,1265.816455,963.1530088,704.9183592,552.1695726
north_east,1,winter,417.2343096,283.9401607,270.4981736,258.7854154,245.0881982,263.7591818,267.0644219,290.9727037,316.0119546,391.864382,581.4213323,915.1171548,1441.070665,1901.602843,2312.33433,2405.759182,2309.769011,2303.959288,2190.361161,2057.163711,1960.583317,1901.917314,1794.658896,1767.748888,1775.889022,1797.806137,1829.810719,1840.645215,1862.341967,1938.686126,2144.962011,2358.922827,2534.005512,2645.33433,2767.389918,2635.547719,2593.866308,2452.527994,2352.874211,2177.495583,1983.924421,1851.540147,1604.888225,1306.839543,968.1498306,700.765956,504.4863519,395.1564057
north_east,2,winter,390.5240631,277.530632,262.6605587,252.4778039,245.1430646,271.55186,276.0549025,303.6768773,327.3886738,389.5761305,587.3569354,905.7310192,1450.462592,1934.319734,2412.380929,2443.687872,2251.731365,2194.584152,2001.473724,1837.804038,1692.967985,1562.763242,1505.688632,1487.350851,1511.973517,1514.76746,1528.309708,1490.560987,1519.561195,1591.610151,1749.112986,1963.491564,2234.255981,2437.436454,2666.211589,2600.732748,2552.200526,2381.684553,2286.125017,2096.790416,1919.98541,1733.670101,1503.726179,1244.418683,931.8888812,684.1575162,501.4718573,376.3581801
north_east,3,spring,293.4977506,207.6488378,190.8558485,181.0877906,178.964134,188.7559985,181.1400275,198.5353037,246.2332542,293.481817,474.9273932,757.546051,1207.662647,1734.609473,2070.094851,2036.472007,1871.326606,1696.152212,1477.482317,1242.83148,1137.834479,1018.633592,974.3792177,928.8436016,922.1547113,923.8351037,933.9851912,918.7340665,961.370095,1028.748125,1195.13078,1380.950262,1654.691327,1924.388965,2069.637841,2068.6001,2182.07092,2041.762559,1976.624781,1813.261372,1634.560172,1477.248,1261.410835,1034.361035,796.9752562,584.665896,438.176081,315.3660335
north_east,4,spring,322.7185687,242.4516441,184.5140232,149.5637089,161.9986702,144.9842239,144.3982713,144.65353,154.2032157,172.1566127,184.6708172,246.4669367,359.2189313,557.7069028,999.0586315,1491.740268,1750.935505,1684.068786,1503.561956,1305.05845,1143.728482,928.6952974,800.6179279,735.1448864,689.0055609,661.0019342,670.7787718,660.2244318,672.9426983,658.8712524,638.5602635,662.7331359,767.5029618,854.8346833,1055.914168,1245.351064,1395.738395,1373.406854,1453.528349,1447.985795,1468.273574,1466.147123,1458.013479,1297.776717,1070.590667,861.7337403,654.4083051,463.1059599
north_east,5,spring,209.3764075,164.7368281,126.1496176,101.6004886,97.29222435,87.06538135,91.38931379,91.15832802,98.78967495,99.77581262,114.0391969,158.7870193,227.5792437,365.5112598,689.1052156,1040.156841,1127.534736,1048.714468,940.8397599,820.9211281,703.2810176,589.4037072,554.0646378,497.0687805,474.5455173,460.6018696,487.7348099,480.4019545,485.8096983,477.7748035,473.9901742,489.5192798,540.0762694,589.9463565,723.0782877,889.4369025,994.9804015,939.9521457,960.7885596,913.3982898,903.6022945,883.2644466,849.2535054,781.2936584,693.0655407,546.6130232,415.1210431,298.4392925
north_east,6,summer,127.288404,102.9310474,75.65336658,59.48092269,54.97182045,51.13902743,49.20760599,49.79625935,49.45461347,49.6298005,57.11907731,76.08778055,134.5798005,187.9784289,294.4486284,444.6802993,577.9458853,527.0754364,512.2591022,489.1426434,443.7754364,386.4705736,373.8421446,343.1719451,335.1973815,326.7236908,323.482793,335.6049875,317.8184539,293.2795511,285.7216958,292.8965087,291.4852868,308.0650873,399.9105985,539.7144638,645.1301746,603.4263092,551.8846633,547.7,559.6002494,506.9276808,465.4285536,398.5593516,365.6614713,285.3312968,225.79601,182.1741895
north_east,7,summer,82.6467906,66.41529288,58.53560154,47.5826026,44.62141939,39.83397638,40.06009587,37.32479832,38.50122764,40.59008535,35.60493394,46.54553958,91.38255583,123.9721735,224.3142757,323.9504268,500.038466,391.3111189,359.0643049,363.8625044,345.6317082,272.2383959,267.4025488,248.2794341,226.8770022,206.3956506,214.2769788,222.7165907,202.2021513,183.5811996,186.0263066,174.028528,183.7801941,228.2181691,245.602011,325.5338478,419.8485911,387.9888928,351.0737753,374.2429557,347.7722437,311.3308781,298.138314,265.0351923,259.0135625,196.6064539,165.5140886,121.8283643
north_east,8,summer,100.239902,82.1216029,72.66535223,59.54161782,58.15687946,52.6751572,45.450389,47.08707236,45.43472237,44.07140573,46.04188426,61.9332836,102.4326974,117.6737717,204.2742193,287.1927955,426.3613983,386.6631141,365.1283172,367.7353725,359.6004476,317.7848236,282.7889801,268.8413087,237.84376,231.3677928,235.5824363,237.7899393,240.4548652,222.1926889,212.6244272,203.624214,214.2769903,235.0327187,287.4824683,353.8721091,448.6891186,419.5189172,396.4603005,404.0649046,393.538314,389.9307258,359.24214,303.9139934,270.7657466,219.9193222,181.0189705,140.774166
north_east,9,autumn,155.88611,112.4112159,84.25750289,72.99009234,70.16621778,62.14351674,62.19036168,67.04646018,67.74115044,59.96065795,65.72046941,92.10023086,159.2324933,232.1990189,446.8333013,585.6985379,802.7205656,735.0574259,626.5991728,595.5912851,530.3062716,445.2427857,408.6859369,367.3555214,332.0163524,339.8747595,365.4205464,332.3928434,333.4505579,327.4286264,312.7785687,313.6079261,337.695556,373.750481,485.0913813,594.2924202,721.5333782,721.9652751,757.3552328,809.3137745,785.9294921,730.9860523,657.495479,566.2690458,468.0946518,364.2349942,279.3314736,208.5217391
north_east,10,autumn,277.2241981,187.8786771,148.3936347,118.0017451,114.5293336,121.516952,110.7661625,113.8932192,121.2459698,149.6006315,189.6702676,270.6724281,453.1410171,662.7969088,1086.689796,1264.060578,1474.237328,1365.990444,1244.449144,1167.404437,1068.091989,932.2659963,869.8178494,806.5973076,775.3339704,741.6040386,779.1022104,758.7553598,779.0766163,781.9235499,801.4114176,861.5593319,962.0977231,1121.345438,1315.619744,1494.40934,1649.138109,1639.086588,1678.881586,1568.528503,1439.067309,1327.517284,1173.200266,1031.879674,854.0133788,663.8867376,471.3350507,327.563653
north_east,11,autumn,330.4285714,168.7145789,162.7095214,149.7756359,138.4244668,137.4960053,149.2935571,163.9629847,195.8141171,229.4084146,400.957634,726.98622,1198.04024,1536.958514,1869.663857,1794.537932,1639.385692,1545.003738,1355.603386,1221.796746,1184.863007,1075.822107,1003.678516,1041.397933,1074.484571,1069.278385,1067.866085,1093.927729,1137.481346,1254.255882,1499.360991,1681.392949,1980.546068,2198.886022,2300.688192,2127.443817,2087.623617,1891.916294,1749.514403,1602.296269,1477.2465,1346.095287,1109.56945,945.636297,674.2079455,488.1572235,345.747856,250.8881478
north_east,12,winter,378.9496971,248.1944047,223.3837724,208.5963515,205.7911647,214.2523314,211.7363011,242.8405146,259.8849636,309.4740317,506.8060037,838.3248247,1404.276836,1872.48608,2237.719012,2219.252127,2057.150773,2068.614458,1912.563815,1777.212443,1693.307059,1563.367368,1510.197536,1492.982915,1559.382751,1573.805051,1625.544347,1646.154312,1695.59111,1795.786128,2017.906133,2220.992308,2364.920087,2455.806276,2566.36342,2404.806752,2354.563474,2213.759104,2119.612143,1939.742223,1810.631952,1663.269008,1439.111633,1214.033354,901.0196038,658.2699612,462.1199374,361.4665441
south_east,1,winter,355.4393705,334.9203193,330.6931569,327.9920358,347.0597032,353.6051491,387.8567772,417.77215,493.0537825,630.7471304,935.1596478,1363.421246,2095.941271,2884.460093,3159.334288,3021.74056,2762.352451,2434.008824,2146.238908,1948.856128,1762.683283,1677.456598,1644.369258,1645.414007,1770.06423,1732.620295,1675.174354,1654.892339,1657.961668,1742.809832,1943.840753,2102.364522,2541.993048,2786.974675,2832.087397,2750.363376,2652.748219,2484.201379,2387.343207,2262.368055,2128.870528,1973.59136,1766.853339,1506.640864,1135.34124,770.3841937,528.2121507,401.5285624
south_east,2,winter,319.4830396,300.7443067,302.7897428,303.8526544,318.0442405,340.1735587,371.1377433,392.0522976,480.178691,618.4423126,959.4901034,1453.087175,2192.11806,2955.185203,3132.165171,2897.052573,2574.838453,2184.690979,1848.69727,1640.436205,1469.353409,1376.719823,1343.77946,1376.640595,1511.943968,1433.500055,1358.746459,1329.782514,1333.816489,1400.156782,1542.658806,1791.377672,2311.483591,2576.988742,2643.442294,2572.134984,2471.579339,2322.066811,2200.31007,2085.941926,1962.025716,1797.035337,1596.680549,1337.919668,996.6795556,662.6625768,460.4850079,365.250046
south_east,3,spring,262.4083519,235.3099419,240.5700848,241.5201556,251.1594545,266.3305938,296.791609,311.5063225,390.0425082,517.4867284,818.6916041,1315.622113,2047.860416,2779.865168,2926.068124,2686.031523,2310.44601,1883.676306,1546.013231,1301.892102,1113.209254,1003.718115,968.6414471,990.963855,1102.916969,1012.559393,960.8935017,924.9454489,931.4533175,971.8946897,1076.740052,1300.060312,1805.346136,2078.670887,2202.634758,2201.259053,2198.619933,2056.875193,1930.134864,1820.289127,1711.436425,1577.029879,1402.269435,1169.851531,870.843898,575.4794701,398.4675249,304.4004264
south_east,4,spring,277.5699111,216.050574,187.4405557,170.4073174,167.5834151,171.0041587,179.5614535,192.0821613,202.6635671,227.0578166,276.4786536,377.5470149,600.5249132,980.7825958,1556.379515,2192.742691,2293.173948,2020.39752,1726.567949,1386.375076,1134.866517,938.4531408,792.4401508,706.9090541,668.3876922,697.6535364,785.7935922,694.4192639,629.2396617,583.4338582,576.3640017,593.3480834,640.8159899,757.9053471,1112.399888,1322.73657,1341.251001,1338.070651,1318.65567,1301.036276,1297.581235,1257.377615,1213.156052,1092.499805,952.202436,799.5924178,585.6240363,400.579272
south_east,5,spring,178.1502748,135.4853858,119.1960061,110.14149,107.1557264,108.1742441,115.7107832,123.381583,130.0110069,141.8844348,170.873813,254.5041998,410.90036,708.2678992,1135.222523,1524.14466,1476.765699,1272.329482,1064.031865,831.121639,691.1353569,568.0734782,487.4966594,430.7018799,402.4279662,428.6034843,476.0413759,412.5735745,373.3798498,349.0728264,335.7702324,344.826067,368.798246,470.8729538,740.7289158,902.7943943,911.8242448,881.2844318,871.305779,829.2202569,792.9683421,754.7657437,735.7579219,665.0899071,586.7793876,495.4772084,370.3788721,247.3881457
south_east,6,summer,93.01850918,70.5327915,55.41690149,52.23151307,46.28324385,41.97386765,46.42674933,45.3363391,45.63580815,52.29356628,66.54670305,102.4381396,186.5943701,280.4323851,462.0203779,636.7162519,581.0585234,533.3731498,473.4057782,378.691662,318.5526651,270.2877228,239.7187732,210.5723311,201.9841308,210.8464687,252.4187999,213.5646783,182.5930057,166.9981313,157.3545517,154.6276511,177.4213805,213.3375552,356.3659419,485.7988906,536.5694836,482.0039154,491.5792424,443.3693234,383.9477056,335.7007089,314.9433453,266.5953786,238.6080147,216.8793344,181.9109246,130.8300062
south_east,7,summer,71.65695645,55.82497449,42.21478817,37.74209311,33.71062664,33.44208774,35.25994738,35.74630833,37.76053804,41.7213929,53.56521506,81.77420394,142.1184557,236.5796327,366.6417333,505.3393116,467.9815282,405.4096547,353.4460345,301.0234656,249.8394458,209.4385974,178.5625839,156.5524083,148.7807281,157.8095097,189.4752994,162.1114482,136.5392525,125.1193954,109.3842829,108.7344413,133.1222682,163.7099286,276.5532406,400.72687,422.581539,382.5874188,384.2370724,353.282178,294.052462,252.5557644,231.1325511,195.8490039,165.072142,144.2469527,130.3929549,99.77876819
south_east,8,summer,66.85555947,50.87155524,40.34618872,36.72605673,34.11680689,34.50685173,33.25442088,35.07612474,34.20872588,41.1260265,50.44853645,85.08093607,123.7151998,219.0024434,331.3087057,438.8191848,416.9612575,382.8768452,337.5119653,282.5041816,238.8610257,210.9743816,169.0105295,152.4739282,149.3653836,151.458537,182.7293566,160.6969873,129.1151947,119.0513628,104.1415185,109.1369842,127.1914958,160.9116328,270.6881455,359.5786438,397.2470402,362.0602549,369.0702806,339.2285002,295.5034007,258.4407527,225.8183788,191.6399063,166.1076377,136.5045594,121.8064638,96.72497355
south_east,9,autumn,106.7531721,82.72175544,64.72307055,57.11974867,57.02355033,56.67657875,59.55412679,61.80653175,63.34022552,67.24030102,81.78300577,125.373347,204.3662112,351.9964687,534.7448674,745.9414043,743.1500207,685.1453204,576.6848104,445.2399357,358.6107499,308.8191471,247.4780205,222.2205743,210.5673754,212.5926305,254.1637564,232.4521322,191.7772339,178.8670758,169.8683666,174.4242225,192.7170551,244.0874309,394.3145807,515.6112369,591.5775553,577.8259662,578.4591461,557.1966586,492.9194613,431.2775139,383.8239936,327.2392051,288.1176542,241.5917781,209.721999,149.4949222
south_east,10,autumn,236.9885167,179.6777196,151.014926,138.7650563,138.8161763,139.873457,140.2606509,151.6943671,166.0632828,199.0574392,281.6646735,413.6597812,675.2125433,991.7771511,1364.403162,1739.89742,1771.537881,1560.130846,1320.121922,1065.461484,862.2517723,721.9516659,637.3902516,580.6357953,585.9966252,568.3303209,634.4420058,587.9982786,547.8797536,544.7908315,565.2049104,619.218319,748.1339494,893.1877194,1160.057281,1396.327105,1464.657901,1441.435777,1419.77278,1331.978256,1223.203801,1110.049195,1028.792349,899.0853435,764.6506534,627.1279473,477.8507169,327.1407443
south_east,11,autumn,224.533729,207.3300507,198.6689058,203.363921,204.73969,207.709972,233.6394704,261.8131046,309.2399617,423.5971217,717.3821387,1079.046262,1686.286071,2356.687711,2507.809974,2277.557121,1958.664754,1588.151677,1334.050545,1136.186982,972.266158,886.4607709,868.0005652,868.9642384,981.5521642,957.3254201,905.940977,895.8807148,923.4605318,990.3687906,1156.516381,1394.719472,1839.838127,2173.361573,2214.606361,2088.245658,2030.773799,1874.070828,1754.273093,1626.876149,1517.086654,1385.796843,1237.606013,1036.884411,782.4174004,519.2811148,352.9985,271.2178743
south_east,12,winter,316.3652234,293.6192156,283.4517366,287.1605653,297.5910305,309.6133828,330.9388983,350.937695,416.2162013,554.1209797,863.5247894,1284.378847,1975.560439,2720.709135,2954.879999,2777.938327,2492.165501,2170.328024,1869.620766,1663.349928,1484.622173,1415.874003,1381.920074,1377.732058,1523.187466,1470.946424,1429.050497,1409.43228,1461.494279,1532.515326,1729.996594,1938.921991,2328.754839,2602.615524,2658.436522,2567.171252,2449.483613,2309.108845,2179.136541,2073.920197,1968.877409,1807.063141,1606.930373,1363.624824,1036.447433,706.5975975,495.3610018,389.5432668
scotland,1,winter,447.2468132,341.1562904,342.3700351,317.7726215,317.0410124,330.7842601,336.772954,345.8996859,372.7920562,439.5616109,611.4450767,856.0710142,1305.297839,1907.105598,2408.051838,2542.430962,2519.79043,2307.378385,2081.574284,1949.370774,1796.130722,1783.57107,1746.650508,1741.120451,1804.467024,1814.076039,1764.992647,1742.178681,1760.734417,1809.625088,1959.341733,2148.175282,2469.920377,2654.47264,2694.600702,2580.20218,2551.524626,2492.84201,2415.351783,2277.968668,2141.252725,1961.296804,1745.443488,1521.068354,1146.496028,803.8383152,577.7392943,474.0550896
scotland,2,winter,489.4669108,305.839254,312.893654,291.4466005,294.4998679,308.8413681,320.17898,322.2318698,372.9754238,435.5567594,594.9252897,892.5177621,1373.572766,1996.816528,2412.28291,2522.675337,2461.05474,2206.00672,1956.96742,1783.624712,1623.161916,1566.708219,1552.266299,1565.13919,1625.4728,1595.564725,1540.211522,1492.613273,1519.633206,1546.040507,1691.59855,1850.903016,2206.975386,2470.545434,2616.106195,2535.684813,2503.513836,2437.531692,2327.033637,2192.979803,2039.399109,1891.606705,1665.343765,1426.044056,1078.941787,755.2400619,543.1564045,428.5801276
scotland,3,spring,369.1984761,225.6886748,222.4593515,207.1102645,209.1543032,213.7189514,220.7742347,227.7661788,250.0353786,329.5058405,446.9483083,686.5088279,1147.55055,1693.434076,2101.83264,2140.425718,2049.693777,1733.46442,1454.284909,1228.099255,1089.722476,1012.931022,994.4997986,1004.349926,1079.140541,1069.010909,1019.623926,977.7008929,996.2956163,1025.923906,1192.418502,1299.537426,1613.577403,1886.199013,2082.861708,2079.193072,2109.412359,2032.635238,1947.316763,1797.532962,1709.885439,1545.592911,1366.420784,1153.31485,889.2514098,637.2507049,449.930384,344.7741004
scotland,4,spring,368.649793,266.4910603,212.8120887,181.9034764,177.5286489,164.3833018,166.1354284,170.4308734,175.0208648,193.403685,197.8792412,256.0449395,351.7037845,579.7596058,1045.967226,1437.074054,1796.146792,1823.717266,1693.166116,1411.996244,1145.841299,936.410426,824.595031,758.9640484,717.4362341,707.1866915,766.5138831,725.0042693,683.7745963,640.6359901,637.529323,631.8408821,725.8542034,785.6383013,1071.900523,1281.373319,1410.191827,1385.223991,1439.244792,1398.395018,1414.807242,1388.182968,1391.127757,1295.081533,1146.408564,971.3781658,730.7806632,511.7633294
scotland,5,spring,274.8698642,204.3073711,162.2953736,138.3103218,137.0503563,120.1422169,120.4885035,122.0573154,125.6740619,137.8551943,139.5675871,184.391855,259.6773188,418.0583176,760.468322,1059.476228,1309.87031,1305.323934,1207.215511,965.6677708,799.7180715,659.2504732,574.405829,527.7490257,522.5621868,528.301943,574.0194577,538.2235553,519.9274858,490.9510355,510.1151598,502.2398675,554.3175871,601.8492094,794.020098,963.0096593,1040.732714,1003.182691,1036.693213,969.216791,938.9685447,898.5237167,885.5492707,837.3425287,766.8626823,670.6899566,514.3318673,374.3192573
scotland,6,summer,162.4124493,126.1380244,93.8673207,75.88152909,74.64492558,63.55338295,58.25142084,60.58971583,62.79154263,58.99533153,71.79485792,93.35994587,131.9566982,225.3573072,322.9376861,469.056157,538.7625846,610.4301083,686.0286874,540.6598782,454.1179973,399.1284168,366.4683356,342.6033153,331.602977,311.3161705,334.026184,308.2663735,292.6780108,275.4846414,263.6830176,254.3317321,247.791475,304.705751,407.4900541,545.7199594,579.4763194,532.0374154,564.8078484,512.8614344,495.9342355,477.5600135,458.4862652,395.8624493,360.3608254,307.1026387,272.0185386,207.1261164
scotland,7,summer,153.1658606,121.337267,88.85716128,72.39478945,83.70290836,63.4044625,60.80389502,56.22080351,60.67066486,63.5379506,67.94628232,101.2018443,133.9707874,222.0383053,321.5123493,494.3874379,545.1727607,589.270652,648.3352679,519.5949571,455.5854775,379.5242149,340.5380151,311.4881021,307.1282002,295.8088605,328.1327787,296.3515187,280.3858258,256.9296447,254.2136455,236.1945573,223.4252918,267.742052,373.7258013,538.1662475,529.3041207,508.8750887,530.858451,467.4261946,454.7891275,424.541175,424.6532534,370.6362288,341.2049397,292.1877217,252.5649707,202.1603147
scotland,8,summer,137.6225069,98.18646546,71.62753699,60.97262678,71.03105808,51.70994911,48.7048605,46.77645201,51.1065684,50.09393461,57.32596362,64.5077499,99.94800257,155.7865123,259.0672633,398.6571913,491.5628473,532.5407966,547.7157396,458.6781307,385.6680704,340.022811,302.134585,280.0364976,270.0313505,257.8114289,275.8983447,250.532959,232.7856349,221.0080131,225.4047494,202.7510089,200.0999006,246.6288823,347.5779376,455.7645201,464.0741066,449.0488975,493.3671989,443.7245716,432.5768263,419.5691642,387.9405744,341.3872609,300.3281277,261.994268,213.0014038,168.8551208
scotland,9,autumn,202.4857261,134.9867844,115.6207217,99.80233338,104.1502246,86.74193382,81.55634712,75.0170874,73.51902328,78.83877962,88.94419493,121.3818079,179.4085489,281.266326,469.0943679,720.9708843,958.7128181,977.3786588,925.2231687,771.615611,616.3293583,493.2697331,434.7127665,397.6990346,371.575706,371.1167209,395.4212999,358.0665944,332.8426514,318.0854886,327.2566207,322.2265758,317.3360178,381.0061432,542.7937123,701.7186,753.9352124,734.9366579,813.8359403,806.3167105,806.2805224,774.4355996,734.2848072,632.052656,555.0337102,477.0851789,384.0959166,271.3882092
scotland,10,autumn,294.3609787,218.5620571,173.5474397,149.4313918,154.0911805,137.5724854,124.808815,122.9073488,133.6010963,165.2359731,211.8728107,292.4431124,459.0363653,703.3112438,1026.930166,1324.230536,1592.176256,1547.719462,1396.621106,1189.338028,975.1420295,833.0976425,767.1502295,701.4584875,700.0700566,718.2275057,731.1927002,699.8724542,702.4400374,687.719729,739.1684567,781.1471991,880.9913543,1049.134275,1324.880119,1519.835242,1598.0533,1556.89233,1587.777798,1533.297518,1455.308035,1328.21574,1201.101921,1071.937653,903.8975445,757.9341325,564.6539953,399.7611747
scotland,11,autumn,289.1706472,187.4306584,196.7364063,175.1743094,167.4546214,170.0248388,173.4549001,179.3457129,208.9976913,274.6716822,405.2122442,628.9881379,1052.587334,1579.654486,1967.656238,2026.359924,1852.403949,1575.693695,1309.250816,1146.552942,1018.814744,959.3814585,967.9413661,972.5082398,1063.495184,1069.189913,1066.916488,1039.276371,1087.630961,1154.210214,1343.444869,1527.398137,1882.445864,2111.369159,2208.886991,2015.592389,2004.03889,1883.584348,1762.569222,1657.86064,1565.328079,1379.919592,1233.467399,1007.977987,762.3978186,525.806345,365.4361516,283.0914736
scotland,12,winter,339.7559181,274.3323217,261.0095979,248.9679059,239.6569423,243.6590668,265.7256829,264.4094082,291.4386571,357.1836115,511.266047,773.8992033,1199.424469,1780.727238,2292.445296,2373.35497,2221.046434,1962.535091,1729.728528,1570.597382,1474.870524,1443.827352,1437.614302,1447.854363,1522.144234,1539.088923,1500.37132,1505.492906,1571.102542,1609.294727,1783.252807,2007.068171,2288.540364,2434.637974,2490.941768,2351.013923,2280.262557,2204.772079,2107.992337,1996.983422,1871.14981,1736.341426,1533.441502,1298.981677,995.5996206,706.30717,509.0309939,399.3005311
north_west,1,winter,429.4259464,341.7655347,311.4481527,304.0562301,304.5608727,308.5154211,315.55557,323.7578079,354.9190962,447.5439257,615.3618596,907.4497976,1428.380603,2095.915936,2541.126983,2634.448932,2587.219553,2425.725602,2210.495877,2037.223968,1910.591152,1838.269874,1807.965587,1813.399043,1843.087548,1826.296647,1802.125793,1796.764496,1795.140013,1849.440945,2006.406857,2261.782352,2603.310932,2836.470056,2973.735212,2949.328983,2905.961626,2777.020107,2690.346298,2557.550722,2356.071467,2176.674437,1915.253295,1627.964872,1257.764193,877.4454689,613.4923923,454.6690258
north_west,2,winter,367.8348923,307.846134,287.6047584,283.9175534,288.1371106,293.3318244,289.8760834,312.0015661,337.2507509,446.311186,604.8976015,948.8349567,1512.450249,2166.524843,2557.324165,2611.533961,2479.675169,2211.022827,1948.460461,1742.493907,1582.064361,1469.18019,1423.021754,1428.540226,1482.439286,1449.515082,1424.043487,1415.424547,1428.407148,1485.409251,1623.228482,1905.982601,2294.619819,2574.323543,2810.390522,2813.468871,2747.885609,2621.965202,2473.749249,2383.540741,2226.875075,2019.95529,1783.553141,1497.071655,1105.060006,771.5900197,540.7246632,396.5009011
north_west,3,spring,309.0882589,224.2550273,206.043786,203.1625901,206.6798184,207.0843095,208.4273095,222.9250963,251.2520701,330.3968787,474.4623192,774.8869004,1301.464819,1936.375987,2290.983802,2299.637978,2124.154539,1798.193231,1510.738257,1299.044149,1125.279353,1015.024135,971.055405,968.4563475,1021.75539,991.087801,974.4954592,953.2241767,953.7327813,999.6943565,1125.475445,1340.733506,1708.952379,1981.601023,2235.924925,2277.622372,2346.609551,2223.525776,2121.14893,2009.866314,1879.363453,1707.833995,1499.098638,1259.256744,928.8648453,645.7028847,442.133533,325.6100469
north_west,4,spring,320.6158518,234.0516929,193.8153981,161.9007116,145.6107483,135.3658563,135.6052059,138.946734,140.8361228,155.0785088,185.258556,236.407635,335.0066034,576.163054,975.3538568,1477.77576,1715.936948,1653.920577,1450.195742,1210.734511,1002.794033,839.6061753,721.0835208,653.0419616,614.0572354,613.5653661,632.9588798,593.8324462,572.3646125,540.8576341,537.1692367,543.355119,593.9838117,710.6766723,945.837074,1110.22971,1228.563372,1252.56672,1307.505936,1291.823556,1329.451316,1355.252337,1315.320291,1204.873841,1068.708262,880.2684154,649.7434561,456.2592511
north_west,5,spring,237.07583,174.5448399,152.9511329,121.628135,109.6715507,102.555481,99.77688102,97.58609456,102.4045577,111.8494532,129.2103661,176.2639153,259.6580938,425.1359112,702.4444535,1042.311882,1181.529811,1125.046248,980.4728243,814.4231059,691.8038766,581.7152937,509.1218322,479.9839074,470.7879969,470.8065123,495.8320837,468.7370179,451.2985725,427.492584,428.0272903,430.1910975,463.1837961,538.5112468,698.9212232,831.1929965,912.7913201,935.1644457,933.1578318,882.4599732,880.3872209,855.6255812,838.1667703,793.3564763,739.0885011,618.1699463,473.4043121,334.0315795
north_west,6,summer,121.8672984,94.40805253,82.69598553,63.53391263,53.53241851,53.25569142,51.36126293,46.80922424,45.45417371,52.42956002,62.97491448,72.97916093,116.8943892,159.3567806,255.6064562,390.4305823,443.4302284,422.2235285,408.0441946,383.0009043,351.8381237,311.093186,271.8328156,250.2901349,250.1665159,245.0097904,258.498093,255.7792238,239.7303897,218.0189911,200.5039909,193.3439626,205.0116777,224.6764833,300.5322612,372.2699642,435.299768,463.5572681,470.9744427,437.2518775,404.6929973,368.0268156,347.3612629,304.2216019,279.4556678,257.6266661,219.4894822,162.6895765
north_west,7,summer,122.7446708,87.2218052,77.65269832,64.7554932,55.45614547,50.78941807,46.23386656,41.40458405,41.66577998,45.45435995,63.08399227,68.88299384,111.9090843,149.7894545,255.2692125,369.8526036,442.823598,417.086543,387.6041614,364.5339066,319.1903218,294.7610684,258.1754181,232.7456546,221.6459571,224.0599789,233.9995992,218.5198411,205.6314907,194.2545276,183.6014649,182.8093503,191.50133,213.4103779,280.6346974,354.9009584,415.9892869,456.8773458,455.8824837,420.6014649,394.4594979,372.0121342,346.9560544,292.7313705,276.3098422,253.3288635,215.4288161,159.4440841
north_west,8,summer,95.79995453,70.72395089,58.97632194,43.57002728,39.73980122,37.26945563,38.01773418,33.03910615,34.41470703,34.31947512,44.03861894,55.52120956,89.79368585,109.1795505,193.4201637,281.9723269,324.1782513,327.0973106,306.9691763,287.4727816,255.9048331,229.8632259,208.3812524,194.6534039,185.4268546,178.3381512,182.7510718,173.1255684,166.3707938,157.9952254,151.5903924,151.7147265,154.4735611,174.8634858,231.7683188,289.1831883,361.8155775,378.0064311,383.3882682,351.0768481,319.1689619,296.2772834,274.7820255,249.3951864,224.9082435,191.515493,162.1694167,121.1050084
north_west,9,autumn,155.2308594,113.4787066,92.73800598,72.92182649,71.36652803,67.09686017,65.50243102,60.86324761,62.34089977,67.08057524,78.60825376,99.72503075,156.207545,218.85944,401.9510866,573.1110948,703.5304903,701.2836975,604.7421944,510.5851151,437.6799836,380.0667213,327.2073985,289.9770371,267.733964,258.7558725,274.9050436,257.0362603,252.8699256,237.151895,233.8900767,235.5470974,253.3706286,297.2425751,407.7587722,490.6881554,592.7737977,632.5975924,660.3610216,663.3984535,642.2157753,618.6971472,577.0440806,502.919952,451.6169234,386.4152071,298.8513854,214.1489954
north_west,10,autumn,327.1378975,232.1411588,187.47721,154.3923884,134.7731517,131.7828305,135.3911786,133.307488,141.8647063,161.1891323,205.6081639,281.345204,450.3456248,691.8695458,1042.457458,1345.65761,1523.954551,1465.514637,1319.713658,1107.617711,933.5183188,828.7161569,729.3560138,672.0210936,681.2523605,655.8011625,651.835512,645.6684464,650.8740959,652.6386471,664.2694827,718.9792746,836.4098261,999.3640357,1300.688383,1474.551958,1598.672865,1655.413193,1671.934878,1625.233713,1516.60414,1412.71279,1283.842245,1147.76634,997.5305489,812.9724626,617.2565161,434.45801
north_west,11,autumn,298.6747581,195.6206805,175.4586173,169.4668623,165.5540655,157.7888062,163.6080947,167.2956811,194.1108956,247.5340107,401.8986347,666.3111284,1153.989912,1654.102796,1979.21117,1942.96571,1795.714213,1523.777093,1272.734826,1133.877658,998.1454034,931.8518806,936.1203531,930.7418823,972.8808109,964.4966899,966.7875209,955.7197177,992.1478284,1077.170332,1244.679196,1490.84075,1958.054344,2174.849844,2343.511458,2283.96993,2195.11948,2073.719499,1975.31011,1867.60259,1703.021801,1560.127458,1353.568737,1131.769673,861.6330722,600.8303223,411.0234256,299.8684434
north_west,12,winter,387.5202299,288.8503775,261.2883805,258.013141,249.9870844,251.7715767,250.187152,265.5375409,299.1183816,377.4584695,552.784312,859.8784402,1388.294895,1989.038769,2395.204711,2442.417852,2327.896968,2122.500327,1885.962763,1724.807551,1590.659664,1521.471543,1490.925234,1499.47578,1536.476344,1532.213231,1515.967474,1523.111191,1560.551854,1648.002141,1821.296044,2084.586025,2469.277764,2613.170855,2745.419858,2723.433315,2654.697036,2560.023848,2446.40701,2332.720906,2157.107698,1988.332312,1754.402772,1490.44179,1157.701521,821.1326271,577.2227206,441.8683422
east_england,1,winter,383.2062969,352.4358021,355.4641679,354.9322639,356.4443178,363.998021,393.0066567,419.4757421,493.2358321,617.3510045,888.1211994,1246.461709,1935.206357,2618.08033,2911.617871,2817.615502,2587.021469,2327.932804,2119.748786,1974.868246,1834.714753,1748.727856,1716.001259,1698.372774,1813.747976,1775.071124,1775.50093,1741.309835,1752.971634,1784.862999,1904.00045,2096.146447,2422.895262,2620.467256,2638.031184,2520.337571,2484.314993,2409.363568,2333.274513,2168.883088,2068.35982,1918.675622,1739.692594,1480.78045,1125.227406,777.1611394,537.3588306,435.4150225
east_england,2,winter,350.4660175,327.89953,318.8920722,338.1563335,346.2226663,347.2414657,387.0988377,407.1371401,483.5557088,656.5671066,950.1750485,1325.101399,1995.053978,2699.111474,2867.116371,2727.159851,2431.479301,2088.120142,1822.971351,1649.454929,1503.635128,1403.145442,1363.091802,1385.801677,1460.134523,1404.418484,1365.846284,1362.090226,1390.282892,1431.454254,1534.628374,1785.920299,2217.590465,2420.080489,2475.61934,2358.922438,2313.03501,2205.701461,2125.003518,2007.648777,1909.583964,1777.581403,1613.361776,1339.381617,1005.158219,678.8287507,474.1265303,394.0792221
east_england,3,spring,282.514376,260.4174253,261.9298363,265.0982689,269.0733473,272.1379894,301.6588071,325.1181416,394.0817291,543.1043377,851.2476496,1223.92138,1890.667065,2558.958961,2666.128463,2453.643337,2138.347411,1768.198204,1493.170696,1289.929811,1133.96702,1044.059742,1013.438168,1021.344575,1109.632319,1039.770681,986.133015,979.0370343,1019.868328,1022.055042,1113.925981,1314.967368,1755.270283,1991.213973,2077.946874,2051.598095,2053.462816,1955.611177,1852.977491,1731.868154,1651.354176,1525.30294,1384.732378,1168.672959,871.2332239,578.8525344,413.2335721,331.8541262
east_england,4,spring,286.0019788,228.3287319,202.7640103,186.945019,191.6490542,190.8114532,186.7027161,206.7256602,230.4385056,248.6316695,294.4880686,414.6006219,648.0970295,985.8752444,1526.054015,2032.076276,2101.917269,1902.332878,1629.026925,1292.391557,1063.544345,914.499894,792.2505712,721.3975407,674.4667028,699.9809663,755.8154578,679.5876422,642.9667617,613.3491319,609.9065275,610.7601234,655.5053356,837.942734,1140.524982,1280.524251,1320.816824,1316.096323,1336.928435,1307.846529,1299.734635,1278.791383,1238.163341,1133.320958,991.5422252,815.5501873,620.8914984,409.2493227
east_england,5,spring,186.4551605,149.815803,135.408652,124.2543406,126.3242601,123.9102538,119.7836548,131.7579362,143.2589332,168.1782154,202.5474158,287.9586218,438.9465018,690.6449806,1043.737796,1376.293299,1367.940632,1205.780093,1004.00298,782.9665076,637.8695029,536.5920201,475.9600556,429.5740529,408.5612832,426.7724533,477.3528687,434.7798239,402.8323812,390.9578825,379.6644936,391.0128145,425.0711069,553.8421489,767.5338844,867.3491946,879.1137845,865.9562247,841.5088156,799.1865269,785.6885767,764.7534557,745.9903891,695.6681229,615.3363577,509.7830275,397.9943993,262.8265564
east_england,6,summer,104.1621184,77.88310929,73.21260621,75.80708538,66.41617588,53.34500742,48.9779706,60.58045228,61.72827406,74.17654993,80.57366362,114.1456638,178.0062042,252.7177089,389.8573034,613.2230365,586.931574,514.1969159,469.3476599,379.1044823,333.0503529,279.1851369,243.557254,223.8857618,217.2175066,213.3349818,265.5448006,224.6970732,192.5847233,185.7050308,177.4743065,172.9363845,177.5021805,250.9691588,360.8982601,483.5933103,474.8924156,456.4827137,478.0282336,432.3585847,400.3521557,355.8350942,324.1596907,289.8031291,257.0646046,233.4072742,186.5434519,136.8019152
east_england,7,summer,72.93133895,61.71684877,62.12925856,57.7720437,49.1011168,40.11236544,37.29851228,48.22541628,51.47405556,52.67516026,61.53965246,84.50110874,128.461799,193.5377575,286.549369,444.7878079,415.7333387,387.2060638,340.2199331,279.3281055,240.1679636,205.9218643,173.8317945,157.5375156,154.9781478,155.792888,195.7683748,163.3014152,138.8234488,127.6799984,114.773979,112.2313833,117.6080313,171.6382696,267.804943,368.8879974,358.3903963,334.2367052,363.9890739,319.5213482,287.2768214,241.1485707,234.5049792,204.8301415,182.99746,150.3033101,129.8913841,94.14748216
east_england,8,summer,69.95749134,55.87898162,47.89188264,48.03577273,42.96738593,36.78140579,32.24013396,43.09004072,45.25021882,51.28793241,55.04798874,69.90154888,113.3348936,162.33105,248.8890284,400.2391064,385.8033642,361.1110857,329.8919587,267.6405221,235.6722229,199.6198957,163.8591924,152.2513605,146.4494425,152.8335046,181.552917,149.8185866,137.3761084,121.675001,121.3355406,107.7255775,112.9458081,158.713057,267.4509267,346.1826312,326.3003768,318.4385584,331.6134262,306.9407467,272.2416181,230.4548084,224.9053545,184.1091449,175.542071,148.5711078,124.7268714,91.54949195
east_england,9,autumn,117.2809418,90.64349277,76.99258435,68.99933259,66.18954394,63.62662217,56.99121246,70.27523174,72.68201706,87.09758991,94.68935855,124.8153504,195.0133852,324.8625881,495.1112718,733.6566555,725.9509826,690.5206155,582.394327,468.0629959,392.0406748,325.2359659,270.0293289,238.2220245,219.0202818,237.0444568,265.8107527,226.2613274,210.3665554,203.5055617,202.1979978,199.2162032,205.5793103,271.6443085,418.0444568,525.9761958,513.6150167,530.716129,545.7002966,538.2503893,502.8674082,436.4516871,408.7585465,365.948832,321.3943641,270.0793474,216.8180942,159.8109381
east_england,10,autumn,243.3838321,196.7608869,167.7827477,153.5167344,151.6175929,151.4062489,144.2873875,163.0305147,176.4742641,223.1887881,289.9820665,424.0787891,622.4126786,952.7906718,1345.97164,1628.918048,1665.441038,1544.058423,1318.182602,1068.288152,903.6841831,774.3567581,669.6148473,626.2846419,604.477253,608.3678796,645.5435999,607.1669621,606.246064,596.4180655,628.2121086,680.5399506,784.1555278,943.9701109,1167.043826,1337.928544,1402.585097,1368.315261,1382.232892,1310.670698,1244.85323,1101.464081,1046.40896,924.2050533,790.8985855,646.9261808,484.6028916,331.1330414
east_england,11,autumn,225.7439111,208.9845534,209.788896,211.6002507,212.9496291,210.4424986,241.3134718,252.3442634,298.6913722,406.3525287,638.7840182,964.1508079,1587.658311,2156.703669,2332.534738,2168.355882,1899.548897,1567.901121,1342.367433,1162.359405,1022.015955,925.7277193,891.3992751,913.0294705,986.8380475,949.9583686,948.4268487,921.2800718,969.9658209,1030.739236,1159.627723,1382.379899,1783.272145,2038.016971,2049.403848,1912.06934,1867.721825,1790.788185,1716.402188,1576.4092,1494.017005,1393.16053,1230.716033,1044.086142,787.3599472,533.3092375,359.3004641,287.1057552
east_england,12,winter,329.3262533,302.9826334,299.1437748,293.0609768,296.493657,302.6284257,343.6978598,353.703993,412.8451209,523.8049324,790.417896,1170.419413,1914.381484,2515.798767,2775.933729,2635.033281,2387.959715,2100.234611,1888.711385,1771.950192,1613.736789,1504.886794,1460.845476,1450.967623,1538.535944,1519.36373,1513.712967,1509.906195,1553.605927,1599.088931,1741.984828,1943.123955,2258.888699,2454.582524,2471.330902,2377.378482,2325.454986,2228.435327,2148.887278,2004.482811,1907.63585,1769.72533,1625.942187,1373.587011,1035.806385,710.0266309,496.9415733,386.0549727
wales,1,winter,386.829171,333.5597607,304.3654535,287.2523229,285.8424512,292.1168019,299.7430087,322.0571545,380.5872275,466.6120654,669.0462766,921.9178715,1293.106604,1654.996691,1982.397498,2118.177582,2154.185877,2074.243757,1971.141957,1796.224992,1657.026696,1578.520102,1544.134071,1566.441463,1611.165163,1645.129221,1657.334905,1668.26651,1670.913566,1783.320673,1930.149889,2090.615691,2421.523184,2595.821013,2732.391787,2699.483887,2694.992839,2587.713774,2477.591715,2279.598695,2136.161673,1945.86806,1664.426007,1383.680551,1069.23034,768.382133,570.4095998,437.2661016
wales,2,winter,337.1529426,305.7379733,284.6111875,275.3888125,272.0533966,285.4559957,285.010621,315.4279229,376.3056354,488.9320671,678.4405848,968.9225707,1357.302012,1784.798659,2140.411429,2126.909076,2054.420134,1868.610854,1682.943146,1484.079762,1341.928818,1298.453538,1309.416302,1300.896331,1329.51943,1332.122537,1324.303803,1344.368653,1390.626973,1461.1105,1580.152193,1790.380232,2122.012537,2364.930151,2551.540922,2603.351576,2606.031738,2493.695156,2343.724853,2183.173976,2062.159982,1848.577867,1567.135949,1270.657628,966.5180557,689.6014411,504.2374943,398.7045691
wales,3,spring,257.9931615,223.763874,204.6123881,198.8837451,189.5647691,207.5935911,213.7887576,226.1781597,285.658754,379.9893663,544.3718224,803.2522735,1178.87995,1559.061081,1875.091228,1855.405872,1765.814787,1532.569567,1296.213355,1122.133405,982.9263874,924.944898,909.3462585,896.7239885,901.877551,903.2178303,887.3950949,889.6906194,906.9866452,964.9905836,1067.157501,1237.050949,1581.859398,1856.952202,2073.347583,2155.955567,2271.508414,2275.114859,2145.209237,2012.428894,1837.119477,1675.792195,1434.021697,1158.725421,874.590333,616.879198,434.4157895,319.0749015
wales,4,spring,281.2252744,215.3279122,161.8133677,135.5501124,128.5045617,123.0220481,119.0904403,123.3994116,126.4627132,148.9251289,174.533254,235.3963044,329.8614637,485.5434351,766.853332,1047.912469,1288.776775,1282.021916,1203.80636,1032.592622,873.9755719,749.8828177,662.9897197,602.2459011,564.3555467,562.4520362,560.5687558,576.835482,557.5172881,534.0461127,524.8322094,537.2668253,573.8502909,666.1407841,840.4118736,953.6508661,1046.655626,1103.35829,1266.551699,1306.738761,1324.472927,1297.288675,1281.43607,1187.976398,983.4642338,796.0778791,576.640751,398.169807
wales,5,spring,211.2593393,154.9114542,125.3677061,97.79669651,92.92442112,88.05118864,85.86150046,88.35498611,90.17653597,94.18255634,105.9268293,180.2959247,264.7527632,370.6243594,567.7716888,757.1950602,879.5468046,855.2712566,811.6918185,687.3101883,592.8521766,516.8674591,468.2785428,417.1571164,415.1952454,414.7399506,428.988762,433.3800556,433.7871874,399.9718123,408.5302871,414.3313677,441.5714109,518.1832356,637.3600494,742.4217351,763.096573,797.7016672,887.975795,893.6727694,868.6390553,854.0869404,825.0269528,792.6213955,694.230812,565.9346403,430.1411856,303.7841618
wales,6,summer,111.1384064,78.33739259,55.45033072,42.91549731,39.74735736,37.38443469,36.95400878,35.69771898,35.25202448,36.73072881,41.99035668,61.25857699,102.2844161,154.1665327,244.9373184,293.6508005,369.5463312,353.8321691,348.5771775,321.787167,303.6530259,279.1348829,260.5564691,245.7174383,234.8845892,230.1623292,242.689992,244.9910367,227.4053904,220.1399518,195.6831304,205.0200903,206.7072387,233.0293009,311.0849972,366.2688385,424.4937875,447.9461581,485.6266922,479.7494591,439.5191321,395.4839587,363.4617667,333.5894171,287.4638066,245.3254621,206.6082092,152.5264264
wales,7,summer,86.63059319,59.12882842,50.79693727,38.06882614,33.91705568,34.96026415,34.058636,32.74433565,31.04599795,31.19418194,33.84640783,58.08516452,91.13913241,125.9538313,198.0658659,244.1633269,315.7278834,284.207617,274.1001936,273.0017648,265.3263122,258.8547763,226.7479221,207.3489127,192.2552089,189.8198793,196.9501309,195.0716725,191.1990208,180.2335762,162.2877718,165.3908118,162.7944324,191.0315951,262.1710122,312.2398383,360.0445747,369.8727086,399.6091313,390.764659,340.1306501,296.9739838,287.3393487,258.9752932,229.7896505,207.4008881,167.5626779,112.729819
wales,8,summer,79.2530253,56.19823982,45.56606161,38.12618262,31.79493949,30.26787679,27.12172717,27.54075908,28.81738174,28.96056106,35.13778878,50.0680418,81.03091309,125.0066007,173.9692519,208.529703,252.6154565,248.8391639,263.0138614,271.1471397,261.1350935,245.3784928,222.1378988,202.5134213,190.7906491,183.9007701,193.7351485,185.4108361,173.4018152,162.6057756,151.6655666,149.7614411,157.3724422,190.3438394,231.7976348,287.720407,315.7953795,323.1660616,347.0189769,352.3070407,313.7541804,274.4809131,267.8237624,247.2541804,214.5654015,172.9566007,137.9546205,99.71694169
wales,9,autumn,118.9732207,87.05921089,65.03594359,54.83883005,49.20918619,43.5977062,45.14081106,47.00488394,47.23349613,48.33155902,53.33018713,77.43982879,133.914778,214.504637,320.8100752,381.9822751,482.0926851,465.6614718,451.8201174,394.7208473,357.6167481,306.0074631,283.8867914,248.5495802,238.7237557,240.3914284,242.0620095,250.2008451,233.2286122,217.8720847,208.6290951,211.2043023,220.3600944,269.5395379,354.2526478,409.0641497,477.6726664,514.7997037,569.0814904,614.88081,612.0007134,556.2619766,505.0284805,437.2774516,362.3902211,285.874609,222.5979806,160.2023267
wales,10,autumn,267.1552608,194.210696,151.5524494,128.3697617,114.4006236,114.2392855,115.6941288,118.5547746,130.2582043,139.9831951,181.3533266,252.0266343,410.2162448,591.4822174,836.8568937,1020.206997,1218.057655,1155.116261,1128.602547,998.6167627,871.0638377,753.2189928,648.757438,600.1547852,609.0053903,594.928394,621.5381282,626.5644982,628.8815198,618.7012102,650.2018179,692.9551868,832.7476087,939.2227448,1158.590445,1352.661893,1429.432595,1491.643291,1619.865402,1629.549543,1519.10437,1347.994821,1183.78143,1018.90789,840.5618559,667.007187,502.1565819,354.0504148
wales,11,autumn,224.0810755,186.874442,160.3682134,151.0626492,157.1883629,155.576404,158.8791135,184.6141389,220.0914565,302.1311637,486.3177619,663.7573964,1013.429721,1334.912177,1577.081906,1541.190335,1591.209177,1383.9237,1246.511782,1077.02398,957.1709748,878.8876259,838.7354407,839.1241565,884.9619018,924.5017648,928.1929306,918.0086681,1001.182757,1053.891986,1236.947005,1423.675023,1811.385238,2108.801619,2154.388197,2126.426606,2177.120835,2099.645126,1928.647721,1744.755787,1598.235752,1448.329544,1233.324821,1010.582996,766.5023357,534.6772553,383.6973425,280.7895256
wales,12,winter,324.6893189,282.7794637,252.7083727,237.4800756,246.6703647,236.5432068,227.6206159,247.9740809,303.355057,403.9969156,601.1717327,827.200587,1226.088951,1552.532163,1844.486692,1955.877568,1987.116512,1876.408885,1753.009154,1590.416347,1470.88717,1374.560768,1314.905577,1352.599821,1395.954928,1421.798169,1447.606537,1462.185712,1521.08711,1598.172529,1781.515596,1947.324561,2299.080991,2504.265111,2591.339784,2529.606587,2547.995075,2433.081339,2275.045371,2140.463261,1991.628824,1838.440923,1615.119696,1336.457291,1033.151634,747.3917218,544.3462514,424.5712651
yorkshire_humber,1,winter,414.1487678,313.7473452,300.9698457,288.2130168,293.63147,301.3074534,323.1628264,347.6252254,404.5564683,493.0793762,684.5136913,1021.787083,1652.816136,2172.083851,2602.032392,2645.9628,2567.448908,2417.173679,2222.243939,2065.842517,1910.464436,1835.162292,1809.208843,1796.512623,1870.247846,1858.026715,1823.652374,1828.290857,1889.779169,1975.74975,2162.142256,2352.950144,2652.869231,2801.34432,2907.361952,2775.426034,2698.178154,2578.979496,2450.036833,2301.022841,2168.580545,1982.558071,1739.455921,1470.731917,1090.873706,764.0776398,540.6084953,416.0389701
yorkshire_humber,2,winter,403.2003301,285.297538,279.0351076,274.686404,275.7137405,285.8981157,305.7769067,328.8067533,393.8540334,462.6835843,631.9188158,963.453889,1592.321333,2099.73836,2520.154322,2607.311327,2485.17461,2224.604326,2006.937246,1804.060484,1652.116704,1540.852039,1518.478509,1490.449488,1561.121518,1520.344818,1477.949694,1471.035004,1489.131387,1548.177051,1733.498109,1962.557768,2268.773503,2528.232928,2719.340486,2639.11134,2583.542638,2457.564782,2299.327213,2179.21993,2039.356475,1881.940375,1632.256069,1391.603122,1003.150987,708.9783715,498.5516471,387.7959219
yorkshire_humber,3,spring,314.1290283,204.4574442,194.7794272,190.4194347,187.5510917,195.4776087,211.7669017,230.4163729,285.0397105,349.8932702,505.6027401,793.0287314,1385.61873,1892.045525,2250.700254,2265.841405,2087.564607,1774.117059,1536.31088,1338.169203,1167.737768,1062.61007,1009.573792,1005.661687,1071.227562,1022.741634,967.011907,972.5646069,1001.514876,1028.73214,1216.742624,1394.032257,1713.708295,1932.922651,2146.863518,2106.947547,2163.124606,2062.838498,1957.626276,1815.214356,1711.586132,1563.877157,1389.788705,1153.910868,843.6394817,585.8637966,412.8649409,296.4762479
yorkshire_humber,4,spring,326.2333548,234.6368245,176.4091842,152.9756183,151.6526785,147.7590552,151.26096,147.2007092,158.8270426,173.7123725,224.5534814,270.886678,374.1465831,616.3791466,1121.086068,1528.124985,1857.06954,1736.687141,1573.256242,1348.649601,1141.327863,939.7553628,808.9228402,727.7012074,692.969054,671.7261458,719.8966124,652.7185852,618.1077541,597.4703435,590.9960145,618.4596179,709.8416657,813.930313,1070.368655,1205.581585,1368.391748,1330.839175,1388.868714,1373.950768,1385.435031,1419.634715,1397.735113,1271.389872,1109.778309,924.7731802,681.3421053,472.4571269
yorkshire_humber,5,spring,227.8846916,176.4376176,138.5455738,120.1103575,108.2730468,108.4666304,107.9519507,104.2615358,107.5058422,115.7846321,152.8856075,195.0383454,275.1602881,425.5921378,793.1127834,1042.801589,1235.9192,1125.289088,1001.091965,867.1353104,732.7604713,619.1501386,527.2415091,490.5919893,482.0878305,487.0739677,523.9674225,486.0979305,458.0971631,448.5936726,475.8468165,483.1113724,537.4662343,589.9129617,776.8206506,885.4438311,978.7070502,938.5329241,965.5997376,910.3546886,877.6258293,864.2502475,843.2093277,799.6715764,733.1338499,619.2169769,461.2684424,329.3131746
yorkshire_humber,6,summer,142.0175355,110.1943173,77.54698924,63.31569875,55.73952327,53.67247221,49.57653213,49.07614575,49.43517803,52.82208881,71.16667657,91.59507817,123.6234322,170.0303751,336.2723652,483.9610058,555.4301849,529.4706652,477.2678476,434.4251917,417.6362123,384.9734292,321.3648576,272.8965702,270.2846104,268.7465969,324.3802532,288.3148071,274.8839089,267.7586637,251.444035,250.5487725,269.7422576,316.7193723,440.9497117,506.3621233,608.8232182,541.2394341,562.7555727,513.9345539,489.1157939,458.6003685,428.9599358,388.3352553,345.2086429,317.5695179,252.9167806,183.395411
yorkshire_humber,7,summer,118.212088,93.72407174,65.84846158,55.00619755,47.96034662,44.31207152,45.24647617,43.72121977,43.96544727,43.77003236,68.65074316,84.96747655,104.7132123,152.5810344,307.0938408,423.3347228,478.0648275,451.7706357,406.0995996,359.0061427,340.340317,289.2492733,257.5111611,224.2936434,204.656118,214.3340098,271.5231174,226.5129161,205.4307574,205.3652718,195.9038556,190.7087698,221.1920693,266.4286733,347.2933692,408.1197828,460.7084956,424.9325399,444.5760434,414.1082104,390.353809,339.0145341,330.0883563,290.0375692,258.3023638,235.9556847,187.5219657,149.8340372
yorkshire_humber,8,summer,99.63227593,77.08917422,57.21691843,50.13595166,43.77708963,43.32421954,42.79360524,40.36163142,40.47054381,43.64028197,70.40644512,73.94506546,94.08192346,112.6002518,256.8191339,324.1516113,403.6795569,366.2243202,344.1993958,303.4344411,286.3288016,255.6584592,221.7400806,196.9745217,182.2793555,185.9082075,232.5809668,186.0191843,183.7649043,177.9071501,174.0957704,163.8558912,194.7477341,241.912286,305.8308661,357.2765358,427.6313696,385.789577,406.3159617,367.941138,346.7190836,298.8160624,291.7104733,267.7084089,225.1991944,202.4609265,163.2480363,125.2722054
yorkshire_humber,9,autumn,154.5193319,115.9259481,83.36610686,64.72437021,62.87962536,61.47300914,56.7019009,56.54106302,57.63495432,62.87574975,90.80234382,102.632832,158.9842669,218.6457045,455.3603396,601.3112024,750.7144044,699.5049368,632.7802897,522.4793762,442.7941774,392.6721417,329.7008397,285.1103165,264.1754176,263.1341238,310.148196,268.8884839,262.193273,249.6998708,245.3026668,256.8036357,300.3745502,360.8869152,471.3888991,539.965627,615.3902372,580.7340131,667.1653133,633.6959952,634.8865922,586.9867583,549.7379349,487.4007567,418.1180216,343.9438036,265.1794777,198.8488973
yorkshire_humber,10,autumn,285.6953637,209.1900268,157.8996909,143.854729,139.7574696,135.9313826,136.5866886,137.1366577,149.0497424,168.3528951,240.063878,312.304389,491.9689676,699.2916546,1104.144282,1392.444302,1603.169421,1509.875541,1330.099155,1109.456542,926.5831857,802.5696682,709.0617762,656.1580878,646.2229961,652.2517618,700.635442,678.6157841,669.7913868,698.7518236,732.3478673,804.0784257,935.6266227,1081.457325,1315.422914,1423.598104,1615.991799,1542.699979,1576.76258,1514.053245,1424.247929,1331.428848,1198.609355,1045.503771,896.2107974,725.3769627,542.2770657,372.0567072
yorkshire_humber,11,autumn,392.6372268,188.4835611,179.3883904,171.3374912,171.6925196,181.1190751,198.6302268,210.3300815,256.8174778,316.1416763,472.5425401,725.8606695,1258.751201,1701.499572,2035.551476,1989.418774,1765.028335,1523.571136,1305.634844,1178.826228,1042.44938,974.5081729,936.2076554,970.6930782,1059.161001,1047.320103,999.5076516,1003.924228,1045.724206,1143.008043,1369.704881,1599.119373,1997.055516,2138.233794,2293.239044,2113.489407,2053.587258,1929.325055,1801.606657,1660.012771,1546.135235,1385.581375,1214.492721,1010.861451,746.8003872,528.5484976,373.6576684,261.7655732
yorkshire_humber,12,winter,435.4342774,261.1487015,251.6667012,242.2115019,245.0619359,247.4841443,283.5226337,296.9125082,355.8759899,423.3696442,624.9274129,937.7857662,1609.1976,2067.329529,2458.978525,2427.552547,2285.123768,2104.18809,1904.774596,1749.365909,1615.752914,1537.987896,1533.123699,1508.329391,1606.111872,1595.172321,1578.846423,1582.165889,1653.6482,1744.339696,1925.961338,2154.435246,2454.862538,2595.235986,2683.654494,2501.375385,2474.268285,2335.707681,2248.228101,2110.394993,1968.961441,1813.661237,1612.74119,1332.346924,1009.216516,726.8972923,512.1940381,384.0756303