"Time","week before switch to BST","first week after switch to BST","Christmas week","New Year week","mid Jan week","week with maximum Demand","spring week before switch to BST","Easter Week, first week of BST","May Bank Holiday","mid Summer Week","summer Holiday"
Mon 00:00,0.23944,0.24888,0.33441,0.34579,0.32482,0.33386,0.30308,0.27993,0.2698,0.27124,0.23455
Mon 00:30,0.22965,0.22911,0.30385,0.32503,0.30546,0.3179,0.27207,0.2884,0.25883,0.26458,0.21973
Mon 01:00,0.21114,0.21182,0.26679,0.31091,0.2757,0.30505,0.26685,0.27207,0.24854,0.2437,0.231
Mon 01:30,0.2041,0.20101,0.26431,0.30183,0.26934,0.29204,0.26458,0.26367,0.22283,0.22585,0.19885
Mon 02:00,0.20272,0.19896,0.2461,0.2909,0.25997,0.29143,0.26019,0.24718,0.2139,0.21693,0.20392
Mon 02:30,0.19352,0.19912,0.24039,0.275,0.24915,0.29975,0.25112,0.2341,0.21335,0.20853,0.18637
Mon 03:00,0.19814,0.2097,0.23907,0.27371,0.24124,0.27245,0.24983,0.23523,0.20747,0.20558,0.19635
Mon 03:30,0.21435,0.22026,0.26322,0.29833,0.27555,0.30005,0.27668,0.24627,0.2077,0.19605,0.20331
Mon 04:00,0.22786,0.23084,0.26477,0.3177,0.27419,0.31359,0.28228,0.26186,0.21451,0.17987,0.20823
Mon 04:30,0.25262,0.24775,0.27944,0.30606,0.29487,0.33031,0.31321,0.27018,0.21625,0.17578,0.22222
Mon 05:00,0.29223,0.30349,0.29714,0.34116,0.36552,0.38749,0.35406,0.31049,0.23009,0.20717,0.23448
Mon 05:30,0.35014,0.33299,0.36291,0.36652,0.42954,0.47341,0.43136,0.36525,0.23024,0.21912,0.24491
Mon 06:00,0.42736,0.36366,0.40882,0.39853,0.46415,0.53627,0.45912,0.38878,0.2729,0.22616,0.26276
Mon 06:30,0.47294,0.42485,0.42334,0.42506,0.58441,0.57923,0.49013,0.5194,0.28833,0.25134,0.30096
Mon 07:00,0.43796,0.40776,0.45968,0.45592,0.51524,0.56524,0.50042,0.48786,0.32706,0.32116,0.32327
Mon 07:30,0.39516,0.41241,0.47417,0.48361,0.48109,0.52916,0.44293,0.48022,0.39014,0.33636,0.32955
Mon 08:00,0.39979,0.4126,0.50762,0.55446,0.49297,0.50367,0.43091,0.43665,0.43174,0.39074,0.34513
Mon 08:30,0.37618,0.3845,0.49578,0.5413,0.42588,0.53332,0.42349,0.45594,0.41389,0.45768,0.36495
Mon 09:00,0.34286,0.37274,0.47563,0.54553,0.46203,0.52545,0.4421,0.41268,0.44376,0.41653,0.31329
Mon 09:30,0.35368,0.38583,0.47441,0.55211,0.43529,0.48143,0.46335,0.38991,0.43507,0.42856,0.35913
Mon 10:00,0.3572,0.36971,0.49542,0.59587,0.46479,0.53082,0.43975,0.40557,0.46683,0.43733,0.32743
Mon 10:30,0.37505,0.40171,0.48612,0.58093,0.44789,0.52235,0.4452,0.38651,0.4123,0.43295,0.31337
Mon 11:00,0.3898,0.39316,0.51813,0.57828,0.45908,0.51993,0.45276,0.41873,0.43423,0.42954,0.33129
Mon 11:30,0.40455,0.35992,0.5072,0.57575,0.46668,0.5281,0.4564,0.40179,0.40814,0.44437,0.33961
Mon 12:00,0.38779,0.37195,0.5011,0.55552,0.4427,0.54958,0.46161,0.39543,0.39309,0.42183,0.3232
Mon 12:30,0.37974,0.3606,0.53521,0.56029,0.48952,0.51819,0.43491,0.39074,0.38303,0.4157,0.3415
Mon 13:00,0.37278,0.34222,0.52953,0.53619,0.46876,0.52152,0.44149,0.42001,0.4275,0.37577,0.32002
Mon 13:30,0.35875,0.34165,0.54264,0.54755,0.50212,0.53566,0.46971,0.40557,0.42032,0.38083,0.30875
Mon 14:00,0.35436,0.36011,0.55902,0.53636,0.48658,0.55003,0.4511,0.42236,0.40035,0.37372,0.32887
Mon 14:30,0.38367,0.35973,0.5541,0.58252,0.49924,0.52303,0.44376,0.42085,0.41374,0.3952,0.33038
Mon 15:00,0.44441,0.41396,0.60704,0.63929,0.59659,0.66341,0.507,0.47886,0.44354,0.40405,0.34672
Mon 15:30,0.49429,0.51664,0.70222,0.73877,0.69473,0.66009,0.5461,0.52182,0.48801,0.40073,0.34854
Mon 16:00,0.54137,0.62828,0.75883,0.81291,0.75577,0.71984,0.62181,0.59451,0.52069,0.44429,0.4092
Mon 16:30,0.62348,0.72778,0.81259,0.89275,0.83224,0.89297,0.76545,0.67567,0.60109,0.49263,0.42924
Mon 17:00,0.72918,0.80331,0.85557,0.88583,0.84173,0.93843,0.83443,0.72929,0.64269,0.52235,0.51002
Mon 17:30,0.78432,0.8308,0.85391,0.87946,0.87709,0.94055,0.88057,0.70706,0.65373,0.54482,0.49981
Mon 18:00,0.78746,0.73372,0.82766,0.85913,0.86083,0.932,0.86242,0.81272,0.64693,0.52923,0.54118
Mon 18:30,0.73315,0.70033,0.78977,0.82573,0.79442,0.91241,0.84827,0.72597,0.58838,0.49111,0.49263
Mon 19:00,0.67434,0.64791,0.76844,0.74535,0.71871,0.86915,0.76189,0.7572,0.63308,0.4871,0.46229
Mon 19:30,0.65373,0.62552,0.72132,0.72043,0.70513,0.78844,0.70698,0.72529,0.60048,0.45677,0.47674
Mon 20:00,0.61603,0.56202,0.72822,0.70248,0.67378,0.79941,0.65593,0.67854,0.61266,0.48188,0.47757
Mon 20:30,0.54149,0.4961,0.65464,0.63295,0.59617,0.68414,0.61561,0.63104,0.58747,0.46661,0.48703
Mon 21:00,0.51017,0.47841,0.59464,0.61316,0.54349,0.64239,0.61622,0.53869,0.51653,0.46827,0.48786
Mon 21:30,0.44622,0.42111,0.5551,0.58324,0.50121,0.59723,0.53324,0.51902,0.4629,0.4685,0.43514
Mon 22:00,0.36714,0.36374,0.49213,0.51278,0.43923,0.52863,0.45337,0.44369,0.39974,0.41366,0.36132
Mon 22:30,0.31631,0.3207,0.42665,0.47848,0.38904,0.46895,0.38787,0.36661,0.33167,0.32206,0.31579
Mon 23:00,0.27297,0.28848,0.3672,0.43157,0.35584,0.42016,0.33152,0.30921,0.29597,0.27971,0.27638
Mon 23:30,0.24775,0.26178,0.34736,0.39717,0.31144,0.37682,0.31624,0.28931,0.25936,0.2555,0.25671
Tue 00:00,0.23304,0.26004,0.32006,0.35071,0.3218,0.34672,0.29884,0.28402,0.2437,0.23841,0.25308
Tue 00:30,0.22563,0.23194,0.29686,0.34241,0.27471,0.33772,0.28107,0.27638,0.24333,0.22411,0.22653
Tue 01:00,0.233,0.22211,0.26649,0.30833,0.26488,0.31715,0.26571,0.26995,0.24696,0.22767,0.23115
Tue 01:30,0.21719,0.21447,0.25599,0.30495,0.25573,0.30315,0.24953,0.26768,0.21988,0.21027,0.21564
Tue 02:00,0.2164,0.20936,0.24486,0.3048,0.23928,0.29688,0.23932,0.24454,0.19734,0.20263,0.19983
Tue 02:30,0.20422,0.19896,0.23153,0.29531,0.24896,0.294,0.24567,0.24227,0.19756,0.20074,0.20074
Tue 03:00,0.19439,0.20883,0.23274,0.29387,0.23686,0.28916,0.26239,0.23848,0.20256,0.19575,0.19378
Tue 03:30,0.21481,0.22457,0.25838,0.29812,0.25815,0.30141,0.26723,0.25588,0.20687,0.18962,0.21352
Tue 04:00,0.23527,0.2459,0.27449,0.30981,0.29158,0.30921,0.25785,0.26065,0.20883,0.17911,0.20483
Tue 04:30,0.25081,0.28005,0.27241,0.3052,0.28992,0.34914,0.30701,0.26632,0.23969,0.19461,0.20028
Tue 05:00,0.30921,0.29952,0.30087,0.34218,0.33954,0.36563,0.35133,0.30656,0.2611,0.21617,0.21746
Tue 05:30,0.36771,0.31722,0.34644,0.36342,0.40825,0.43295,0.40436,0.3496,0.31503,0.25928,0.25928
Tue 06:00,0.42659,0.35152,0.38278,0.38293,0.45469,0.53218,0.46593,0.38046,0.3443,0.32887,0.2704
Tue 06:30,0.48336,0.38775,0.45242,0.42035,0.52719,0.58952,0.53347,0.4722,0.43022,0.33159,0.31427
Tue 07:00,0.41797,0.39176,0.44505,0.44431,0.54432,0.54239,0.47387,0.47326,0.42569,0.35111,0.32622
Tue 07:30,0.36166,0.40485,0.49149,0.48723,0.47572,0.53544,0.43181,0.45624,0.41835,0.32131,0.34566
Tue 08:00,0.37372,0.39751,0.50119,0.5049,0.44131,0.50624,0.40716,0.46562,0.38363,0.30875,0.35708
Tue 08:30,0.38378,0.38753,0.46456,0.5628,0.41222,0.50503,0.38719,0.41737,0.40511,0.3052,0.32093
Tue 09:00,0.37032,0.40368,0.46364,0.57471,0.40099,0.49353,0.37955,0.39044,0.37607,0.30278,0.33742
Tue 09:30,0.35697,0.37713,0.47804,0.59547,0.39161,0.51743,0.37372,0.38121,0.3468,0.28462,0.32433
Tue 10:00,0.37074,0.35092,0.48347,0.56293,0.4022,0.5284,0.36434,0.36616,0.39256,0.29771,0.32637
Tue 10:30,0.38337,0.35421,0.52971,0.62028,0.39422,0.52454,0.3443,0.39762,0.37524,0.29423,0.33356
Tue 11:00,0.3915,0.37925,0.51579,0.61177,0.43196,0.50685,0.37372,0.37902,0.35028,0.28299,0.32426
Tue 11:30,0.37936,0.35156,0.51596,0.64783,0.42194,0.49845,0.38303,0.38172,0.30376,0.28934,0.34657
Tue 12:00,0.37127,0.33908,0.50465,0.67973,0.43299,0.51517,0.38651,0.39036,0.37565,0.31955,0.31299
Tue 12:30,0.36143,0.34033,0.54041,0.63429,0.43072,0.50669,0.33923,0.3626,0.33289,0.31268,0.3204
Tue 13:00,0.36336,0.33806,0.55113,0.62219,0.43537,0.49663,0.36518,0.35693,0.3533,0.3371,0.33704
Tue 13:30,0.35977,0.34615,0.53082,0.59267,0.45114,0.4961,0.38862,0.37289,0.34196,0.29176,0.3002
Tue 14:00,0.36559,0.37062,0.53753,0.58802,0.42996,0.49784,0.36359,0.39853,0.33122,0.31003,0.32191
Tue 14:30,0.39089,0.38734,0.57388,0.63346,0.48828,0.49406,0.38235,0.3713,0.31299,0.28932,0.30973
Tue 15:00,0.41737,0.44301,0.61472,0.65901,0.56932,0.58105,0.39142,0.38908,0.39248,0.32433,0.29892
Tue 15:30,0.48003,0.52141,0.70728,0.76441,0.64946,0.6526,0.46661,0.45413,0.44066,0.34347,0.34702
Tue 16:00,0.55155,0.62635,0.76589,0.8225,0.75183,0.73224,0.5427,0.52696,0.44535,0.41933,0.39604
Tue 16:30,0.63528,0.70233,0.80043,0.88219,0.7895,0.84464,0.63475,0.5607,0.53612,0.43673,0.43885
Tue 17:00,0.71749,0.74416,0.8429,0.92771,0.86139,0.92141,0.71583,0.58626,0.55389,0.49709,0.48196
Tue 17:30,0.7684,0.71746,0.84716,0.93505,0.83118,0.96528,0.8392,0.66273,0.60911,0.49777,0.46328
Tue 18:00,0.75165,0.67616,0.79499,0.8852,0.88136,0.94592,0.87792,0.65577,0.60835,0.53128,0.48294
Tue 18:30,0.72623,0.66001,0.79133,0.85176,0.79612,0.89176,0.82324,0.66863,0.63823,0.5042,0.48567
Tue 19:00,0.6956,0.60903,0.72288,0.81892,0.80512,0.86189,0.7743,0.74669,0.57295,0.43983,0.45655
Tue 19:30,0.66372,0.59466,0.70524,0.78894,0.73886,0.80629,0.69715,0.6824,0.56804,0.44898,0.47999
Tue 20:00,0.588,0.55355,0.66553,0.73217,0.70312,0.79412,0.66122,0.67983,0.57356,0.46373,0.49588
Tue 20:30,0.54209,0.50934,0.62315,0.68533,0.64008,0.70698,0.60918,0.6085,0.56115,0.47024,0.48468
Tue 21:00,0.49607,0.45333,0.58526,0.6304,0.61119,0.64904,0.55609,0.55714,0.51743,0.48128,0.47833
Tue 21:30,0.44218,0.42251,0.55703,0.5822,0.54459,0.6079,0.48642,0.52719,0.47841,0.43582,0.42697
Tue 22:00,0.38344,0.36408,0.49838,0.52502,0.46426,0.50995,0.45405,0.47977,0.41487,0.40042,0.36941
Tue 22:30,0.31934,0.32433,0.4425,0.48134,0.42561,0.42773,0.39468,0.3825,0.33205,0.32048,0.3176
Tue 23:00,0.27634,0.28867,0.36769,0.42506,0.36075,0.37894,0.35428,0.31117,0.28999,0.2819,0.26821
Tue 23:30,0.25021,0.24824,0.34916,0.38857,0.32963,0.35028,0.31374,0.29075,0.26602,0.25459,0.25059
Wed 00:00,0.24461,0.25089,0.33789,0.35975,0.32354,0.33885,0.30784,0.2701,0.26095,0.2465,0.23848
Wed 00:30,0.22899,0.22328,0.30077,0.3183,0.29722,0.317,0.28485,0.28092,0.24764,0.25043,0.21965
Wed 01:00,0.24026,0.2116,0.28816,0.30376,0.28443,0.29612,0.26806,0.27282,0.24121,0.22207,0.22124
Wed 01:30,0.22029,0.208,0.26352,0.29222,0.2628,0.28198,0.26299,0.25263,0.23175,0.20006,0.19446
Wed 02:00,0.21992,0.19753,0.24208,0.29011,0.27158,0.28893,0.24658,0.24877,0.22329,0.19704,0.19726
Wed 02:30,0.19877,0.18928,0.24438,0.28519,0.25618,0.27819,0.24325,0.24401,0.20558,0.19537,0.18758
Wed 03:00,0.20766,0.20524,0.25312,0.28542,0.25921,0.26829,0.23251,0.23667,0.19287,0.19023,0.18493
Wed 03:30,0.23277,0.2105,0.25876,0.29937,0.28073,0.30194,0.26133,0.26738,0.21481,0.19908,0.20036
Wed 04:00,0.23557,0.22158,0.2608,0.31853,0.29415,0.30641,0.28553,0.27078,0.22245,0.18601,0.21163
Wed 04:30,0.26276,0.2504,0.28332,0.32868,0.3224,0.35512,0.29309,0.27101,0.23788,0.20838,0.20853
Wed 05:00,0.33647,0.29181,0.29985,0.34614,0.35497,0.38098,0.3564,0.29892,0.25407,0.22139,0.2369
Wed 05:30,0.40356,0.3165,0.34355,0.38046,0.44785,0.44913,0.43128,0.33863,0.30058,0.23735,0.2524
Wed 06:00,0.45443,0.35776,0.36669,0.40073,0.51963,0.57204,0.50465,0.4545,0.38061,0.31707,0.27396
Wed 06:30,0.50843,0.42024,0.40619,0.43628,0.55291,0.61985,0.49058,0.46071,0.4036,0.34498,0.28863
Wed 07:00,0.47164,0.39657,0.44395,0.44745,0.5618,0.5756,0.50057,0.46653,0.39778,0.3533,0.32282
Wed 07:30,0.41582,0.42338,0.47827,0.48158,0.51248,0.51418,0.41956,0.4542,0.38628,0.32448,0.3446
Wed 08:00,0.39649,0.41321,0.5257,0.53559,0.45072,0.48083,0.42773,0.4337,0.37304,0.36903,0.32615
Wed 08:30,0.38439,0.43007,0.56335,0.57643,0.46434,0.52613,0.40163,0.39868,0.34816,0.31904,0.32169
Wed 09:00,0.3752,0.42338,0.59477,0.61771,0.47909,0.47841,0.40708,0.37214,0.34544,0.31926,0.35897
Wed 09:30,0.36211,0.40886,0.58953,0.60351,0.47549,0.46502,0.37788,0.38204,0.35716,0.31843,0.33038
Wed 10:00,0.35035,0.40504,0.60608,0.62535,0.46774,0.47001,0.37206,0.37312,0.33749,0.34566,0.30187
Wed 10:30,0.35447,0.39679,0.62851,0.60402,0.43162,0.47568,0.37872,0.37879,0.35572,0.31291,0.30731
Wed 11:00,0.35954,0.40814,0.56976,0.60277,0.46819,0.47803,0.37622,0.39649,0.35829,0.32267,0.33477
Wed 11:30,0.3623,0.41899,0.62098,0.6428,0.45904,0.44815,0.37191,0.40791,0.3676,0.34491,0.33243
Wed 12:00,0.34385,0.416,0.61656,0.59585,0.455,0.48937,0.37947,0.36185,0.35663,0.30505,0.33303
Wed 12:30,0.36064,0.40905,0.59279,0.58887,0.44925,0.48665,0.36835,0.36208,0.38469,0.3356,0.32214
Wed 13:00,0.34547,0.3783,0.58721,0.6502,0.47341,0.4772,0.39142,0.40776,0.37539,0.31099,0.28372
Wed 13:30,0.34328,0.38571,0.65583,0.65165,0.48533,0.49051,0.38613,0.38356,0.34581,0.33916,0.29166
Wed 14:00,0.37603,0.42966,0.65377,0.64201,0.49043,0.51418,0.3648,0.3496,0.34325,0.29672,0.29794
Wed 14:30,0.39982,0.48188,0.65118,0.64946,0.53135,0.51978,0.37977,0.37826,0.33061,0.31284,0.34203
Wed 15:00,0.44339,0.49879,0.68293,0.71895,0.56822,0.5849,0.44028,0.46872,0.40421,0.34999,0.35867
Wed 15:30,0.49796,0.5672,0.7364,0.80329,0.65369,0.66652,0.53302,0.51403,0.40383,0.40073,0.37713
Wed 16:00,0.58021,0.64598,0.81579,0.89048,0.74839,0.742,0.5905,0.5545,0.49179,0.40315,0.40171
Wed 16:30,0.67423,0.72911,0.84494,0.91526,0.85194,0.85788,0.67204,0.60275,0.51668,0.4536,0.49315
Wed 17:00,0.749,0.7726,0.84473,0.89606,0.90383,0.92361,0.76318,0.64019,0.58679,0.51638,0.55026
Wed 17:30,0.76061,0.77789,0.84562,0.87231,0.90746,1,0.80962,0.68229,0.63581,0.48627,0.57915
Wed 18:00,0.75997,0.73731,0.81858,0.8564,0.87187,0.9438,0.85584,0.73633,0.6079,0.49338,0.54277
Wed 18:30,0.69991,0.69344,0.79975,0.79101,0.84241,0.91786,0.75743,0.72513,0.60064,0.47591,0.53302
Wed 19:00,0.67552,0.63868,0.78005,0.71033,0.78141,0.85432,0.77218,0.78572,0.61894,0.46108,0.45753
Wed 19:30,0.6543,0.59746,0.71757,0.68193,0.73603,0.79601,0.69594,0.70517,0.55185,0.4806,0.50132
Wed 20:00,0.60033,0.5562,0.70903,0.6328,0.74397,0.79896,0.66999,0.70441,0.647,0.46577,0.48415
Wed 20:30,0.55011,0.52193,0.6803,0.60833,0.63762,0.71402,0.58558,0.65721,0.59874,0.44974,0.49822
Wed 21:00,0.5039,0.47413,0.6345,0.574,0.58895,0.66531,0.58082,0.56841,0.53914,0.46472,0.45594
Wed 21:30,0.455,0.41975,0.59415,0.56113,0.52299,0.57832,0.51539,0.53649,0.50851,0.47697,0.42349
Wed 22:00,0.37259,0.37308,0.52948,0.5423,0.4851,0.50647,0.45397,0.46192,0.40103,0.37849,0.3971
Wed 22:30,0.31435,0.34044,0.49637,0.52502,0.41691,0.4396,0.39036,0.38409,0.37501,0.33885,0.31631
Wed 23:00,0.2836,0.3002,0.43102,0.47519,0.37395,0.36442,0.34823,0.34029,0.27956,0.28356,0.27055
Wed 23:30,0.2625,0.27558,0.39174,0.46857,0.34101,0.34612,0.30535,0.30285,0.27305,0.25278,0.25596
Thu 00:00,0.24333,0.26125,0.35716,0.45549,0.33023,0.33326,0.2968,0.26534,0.26889,0.2549,0.22147
Thu 00:30,0.23493,0.22279,0.32679,0.396,0.30395,0.31405,0.26518,0.26738,0.27146,0.2288,0.22079
Thu 01:00,0.23969,0.20989,0.31373,0.36525,0.28311,0.29294,0.26382,0.25754,0.26344,0.23054,0.22668
Thu 01:30,0.21765,0.20683,0.27823,0.33795,0.27248,0.28651,0.24249,0.25407,0.21473,0.20952,0.21073
Thu 02:00,0.22048,0.19246,0.26793,0.31159,0.27237,0.30232,0.23969,0.24181,0.2142,0.19817,0.19204
Thu 02:30,0.21576,0.20055,0.27477,0.29079,0.26118,0.29045,0.23795,0.23826,0.22472,0.19378,0.1925
Thu 03:00,0.21038,0.20426,0.27407,0.27558,0.26375,0.26776,0.22918,0.22305,0.20657,0.19242,0.19159
Thu 03:30,0.21708,0.22037,0.28262,0.28984,0.27899,0.28863,0.25717,0.26125,0.23372,0.2046,0.20286
Thu 04:00,0.23576,0.23633,0.2816,0.31545,0.28648,0.31601,0.27063,0.23659,0.23833,0.19212,0.19386
Thu 04:30,0.26972,0.24786,0.29438,0.32615,0.30157,0.34566,0.28591,0.26586,0.24983,0.20989,0.22124
Thu 05:00,0.33004,0.28901,0.31456,0.30656,0.34986,0.36903,0.31631,0.31866,0.30051,0.22948,0.21829
Thu 05:30,0.39445,0.33753,0.34472,0.30871,0.44112,0.42062,0.39437,0.39014,0.30656,0.27653,0.24151
Thu 06:00,0.44463,0.37191,0.4214,0.32365,0.47818,0.5253,0.44497,0.45352,0.3831,0.30875,0.27267
Thu 06:30,0.50269,0.38991,0.51254,0.33715,0.59689,0.57318,0.51343,0.47576,0.42743,0.35814,0.32736
Thu 07:00,0.44584,0.4053,0.53635,0.33662,0.5762,0.58921,0.43582,0.43121,0.45632,0.32781,0.33152
Thu 07:30,0.42035,0.40156,0.63193,0.35655,0.47629,0.52893,0.44006,0.4424,0.4297,0.31737,0.36162
Thu 08:00,0.4067,0.36786,0.68945,0.40103,0.44709,0.50011,0.4278,0.42372,0.38575,0.33757,0.34581
Thu 08:30,0.35364,0.39014,0.73542,0.4505,0.44808,0.48468,0.38356,0.41268,0.38144,0.32063,0.30686
Thu 09:00,0.37399,0.38182,0.78031,0.47114,0.45345,0.50246,0.38363,0.40625,0.35602,0.32554,0.33492
Thu 09:30,0.35493,0.37096,0.78262,0.53358,0.43601,0.50858,0.37819,0.41154,0.33674,0.31019,0.32441
Thu 10:00,0.36026,0.38359,0.77606,0.59693,0.43166,0.4831,0.37183,0.40821,0.31978,0.29256,0.34937
Thu 10:30,0.35171,0.40462,0.826,0.62715,0.49565,0.49028,0.33908,0.43923,0.34784,0.32645,0.32055
Thu 11:00,0.34286,0.39021,0.85523,0.64522,0.49194,0.53581,0.3617,0.41184,0.36962,0.32169,0.33757
Thu 11:30,0.38496,0.38231,0.84984,0.66924,0.44634,0.51554,0.33651,0.40799,0.363,0.31737,0.33152
Thu 12:00,0.37225,0.3786,0.86901,0.67026,0.46381,0.52417,0.36117,0.39316,0.34828,0.32509,0.31222
Thu 12:30,0.35232,0.3645,0.84693,0.66912,0.43378,0.48514,0.35353,0.39241,0.32045,0.31518,0.3294
Thu 13:00,0.362,0.35387,0.81238,0.70036,0.45859,0.50866,0.36374,0.40859,0.32365,0.32978,0.30467
Thu 13:30,0.3617,0.3544,0.78203,0.66905,0.48132,0.49641,0.39989,0.40534,0.33174,0.31904,0.29672
Thu 14:00,0.37826,0.37403,0.75009,0.71303,0.45488,0.47636,0.3682,0.40186,0.30359,0.31072,0.30799
Thu 14:30,0.42595,0.39452,0.6737,0.72196,0.49508,0.47803,0.37206,0.38862,0.32184,0.30314,0.28134
Thu 15:00,0.45084,0.46846,0.69104,0.73455,0.54478,0.5762,0.43234,0.3856,0.37251,0.35428,0.33598
Thu 15:30,0.50537,0.55457,0.70284,0.76488,0.65014,0.60079,0.49633,0.44369,0.38704,0.39649,0.3536
Thu 16:00,0.57405,0.63944,0.71475,0.78474,0.75789,0.71364,0.53317,0.4902,0.43507,0.41381,0.36881
Thu 16:30,0.65415,0.73206,0.70008,0.85118,0.81461,0.82944,0.61954,0.53581,0.48257,0.44626,0.46865
Thu 17:00,0.70849,0.7507,0.65472,0.83171,0.85387,0.89706,0.73043,0.63278,0.57643,0.4924,0.46653
Thu 17:30,0.75626,0.72619,0.65426,0.81238,0.88533,0.88806,0.77021,0.6054,0.51426,0.47599,0.47863
Thu 18:00,0.75633,0.70823,0.64114,0.77006,0.91275,0.89381,0.79941,0.64133,0.5163,0.48007,0.47311
Thu 18:30,0.70585,0.66315,0.63473,0.76961,0.88068,0.86953,0.77248,0.63898,0.53423,0.47228,0.4601
Thu 19:00,0.6858,0.60287,0.63505,0.73035,0.77963,0.85349,0.75773,0.65192,0.55019,0.49542,0.49928
Thu 19:30,0.62276,0.59859,0.62622,0.67068,0.7631,0.81529,0.7063,0.6411,0.56985,0.49308,0.466
Thu 20:00,0.58721,0.57961,0.60043,0.66035,0.74113,0.73678,0.60782,0.64587,0.61841,0.47349,0.49565
Thu 20:30,0.56596,0.52504,0.58851,0.61459,0.64152,0.71644,0.63603,0.5846,0.57371,0.44407,0.48899
Thu 21:00,0.50389,0.4772,0.5749,0.58244,0.6242,0.63452,0.55253,0.5694,0.53907,0.48052,0.4927
Thu 21:30,0.44913,0.43136,0.53309,0.54637,0.54682,0.57484,0.48226,0.52432,0.46744,0.42962,0.41048
Thu 22:00,0.39081,0.38242,0.49697,0.51517,0.48756,0.50465,0.4154,0.4632,0.43272,0.38325,0.37531
Thu 22:30,0.32454,0.33269,0.4609,0.47186,0.43325,0.48211,0.39044,0.4039,0.35867,0.34831,0.33016
Thu 23:00,0.28241,0.28735,0.40407,0.39173,0.38594,0.38893,0.35935,0.3741,0.29453,0.28629,0.29642
Thu 23:30,0.245,0.26496,0.37431,0.35504,0.35599,0.36313,0.30421,0.33522,0.30633,0.25059,0.23818
Fri 00:00,0.23903,0.25596,0.35016,0.33016,0.33613,0.34922,0.28508,0.30777,0.26556,0.23788,0.23667
Fri 00:30,0.23079,0.23096,0.31374,0.31764,0.31896,0.31427,0.26428,0.27555,0.28977,0.21042,0.22487
Fri 01:00,0.24641,0.21859,0.29758,0.28924,0.28001,0.28712,0.2465,0.28303,0.28228,0.21942,0.23364
Fri 01:30,0.21901,0.21186,0.28636,0.26999,0.27471,0.30429,0.22873,0.24506,0.25467,0.19711,0.21383
Fri 02:00,0.20551,0.20259,0.28194,0.25978,0.27596,0.2965,0.21715,0.23258,0.24174,0.19008,0.19847
Fri 02:30,0.19666,0.19314,0.27141,0.24253,0.26643,0.2822,0.21239,0.22676,0.22481,0.18501,0.19477
Fri 03:00,0.19681,0.19635,0.26611,0.24835,0.27131,0.28024,0.22343,0.23281,0.21973,0.18236,0.1928
Fri 03:30,0.20736,0.21178,0.26872,0.26333,0.28213,0.3027,0.24,0.23954,0.23107,0.20604,0.21579
Fri 04:00,0.22358,0.23043,0.28489,0.27366,0.29268,0.31231,0.24605,0.2496,0.22449,0.18909,0.20135
Fri 04:30,0.25074,0.23618,0.2864,0.29381,0.33163,0.32955,0.2794,0.26049,0.25278,0.21095,0.2105
Fri 05:00,0.31151,0.27199,0.2927,0.30486,0.36412,0.39067,0.326,0.26791,0.28712,0.21995,0.2229
Fri 05:30,0.37357,0.3134,0.30225,0.30758,0.44864,0.45836,0.40073,0.30777,0.31919,0.27297,0.24885
Fri 06:00,0.44006,0.34956,0.34088,0.33655,0.48109,0.50964,0.5011,0.30626,0.37584,0.31987,0.28644
Fri 06:30,0.48899,0.38189,0.37552,0.38386,0.56573,0.61342,0.50208,0.32834,0.41169,0.36881,0.30595
Fri 07:00,0.45466,0.40613,0.40587,0.4157,0.5447,0.57704,0.48854,0.3735,0.48582,0.36321,0.30043
Fri 07:30,0.42629,0.42066,0.47392,0.45863,0.49327,0.52326,0.41427,0.4154,0.44407,0.34574,0.34816
Fri 08:00,0.40942,0.42107,0.53716,0.45428,0.4823,0.51373,0.43681,0.43711,0.41865,0.34143,0.34286
Fri 08:30,0.41056,0.40598,0.55376,0.46986,0.46736,0.45692,0.40239,0.50155,0.37365,0.3238,0.35028
Fri 09:00,0.39161,0.38235,0.62947,0.50495,0.46093,0.48869,0.40413,0.51985,0.39626,0.33152,0.3061
Fri 09:30,0.39747,0.37429,0.6782,0.50817,0.49516,0.49368,0.38129,0.52197,0.38371,0.31823,0.32479
Fri 10:00,0.40965,0.40137,0.67175,0.47935,0.46127,0.49459,0.42274,0.50435,0.3679,0.29468,0.32607
Fri 10:30,0.40039,0.38227,0.6695,0.54497,0.49739,0.47523,0.39399,0.53952,0.35232,0.28977,0.31261
Fri 11:00,0.41623,0.37622,0.67529,0.51702,0.47012,0.49051,0.36419,0.55124,0.36283,0.28333,0.28493
Fri 11:30,0.42066,0.36264,0.71634,0.52436,0.43522,0.49225,0.37335,0.58778,0.39536,0.29743,0.27956
Fri 12:00,0.41135,0.36109,0.73302,0.52961,0.45863,0.48589,0.39823,0.57416,0.3682,0.29262,0.28047
Fri 12:30,0.39532,0.36068,0.68665,0.52379,0.42546,0.49573,0.38083,0.53203,0.35376,0.29851,0.29393
Fri 13:00,0.38896,0.3654,0.6689,0.53491,0.46691,0.47394,0.38749,0.52371,0.3651,0.28731,0.28092
Fri 13:30,0.38783,0.35304,0.66001,0.53143,0.45692,0.4865,0.43605,0.49126,0.36873,0.2757,0.29763
Fri 14:00,0.40031,0.3617,0.67315,0.53748,0.44384,0.51887,0.41865,0.53128,0.3443,0.27086,0.29854
Fri 14:30,0.39959,0.39804,0.68257,0.56546,0.48015,0.51834,0.40595,0.52727,0.33991,0.29713,0.32171
Fri 15:00,0.43045,0.43586,0.72632,0.59118,0.57503,0.56894,0.45874,0.51063,0.38598,0.31246,0.34438
Fri 15:30,0.46048,0.50023,0.70787,0.6616,0.62087,0.60759,0.46978,0.55049,0.43733,0.35224,0.35217
Fri 16:00,0.53823,0.59587,0.78704,0.79672,0.74151,0.65335,0.49142,0.56577,0.48794,0.39203,0.34861
Fri 16:30,0.61043,0.65044,0.78801,0.82626,0.84252,0.79033,0.59882,0.58687,0.52152,0.45276,0.39604
Fri 17:00,0.69144,0.66319,0.77288,0.85481,0.85572,0.86688,0.66198,0.61932,0.61054,0.44929,0.4393
Fri 17:30,0.72634,0.65275,0.72012,0.83674,0.89936,0.91105,0.80145,0.65343,0.60253,0.4719,0.42871
Fri 18:00,0.72256,0.60793,0.6931,0.81378,0.89732,0.86658,0.73368,0.64814,0.62,0.45851,0.46645
Fri 18:30,0.66935,0.5686,0.67505,0.76564,0.81253,0.88715,0.7383,0.6169,0.53975,0.43733,0.44558
Fri 19:00,0.63138,0.54205,0.66839,0.71073,0.76401,0.83519,0.68845,0.62144,0.50745,0.49315,0.45655
Fri 19:30,0.60593,0.52046,0.63662,0.71859,0.71197,0.75849,0.64488,0.58642,0.54013,0.466,0.44354
Fri 20:00,0.55533,0.51135,0.62304,0.69276,0.68179,0.70865,0.62771,0.59375,0.56025,0.43923,0.47356
Fri 20:30,0.49648,0.4921,0.5944,0.64522,0.65687,0.68149,0.58089,0.55828,0.53612,0.47576,0.46502
Fri 21:00,0.50337,0.4798,0.56212,0.63539,0.59572,0.63059,0.54807,0.55298,0.50556,0.49187,0.44717
Fri 21:30,0.44959,0.44698,0.53725,0.55756,0.55794,0.60797,0.53506,0.47175,0.46615,0.45655,0.42561
Fri 22:00,0.40129,0.38617,0.4972,0.51687,0.49452,0.51252,0.45556,0.43491,0.4157,0.40829,0.37259
Fri 22:30,0.35428,0.33345,0.45566,0.44607,0.4643,0.51857,0.40526,0.35837,0.35421,0.33954,0.32895
Fri 23:00,0.30939,0.29381,0.39036,0.38722,0.42924,0.42924,0.36087,0.34218,0.3179,0.29226,0.30505
Fri 23:30,0.28175,0.27445,0.3645,0.35856,0.38269,0.3713,0.33356,0.31851,0.29665,0.25717,0.26284
Sat 00:00,0.25463,0.26624,0.35788,0.36317,0.37002,0.36987,0.3325,0.29952,0.26072,0.25966,0.25089
Sat 00:30,0.23485,0.23406,0.30818,0.32948,0.3527,0.34233,0.31495,0.28523,0.25853,0.23357,0.23932
Sat 01:00,0.24124,0.22982,0.30329,0.2965,0.32354,0.32479,0.29007,0.27078,0.26579,0.22956,0.22389
Sat 01:30,0.2274,0.20638,0.2806,0.30342,0.2999,0.30141,0.27139,0.25089,0.23992,0.21065,0.20112
Sat 02:00,0.22113,0.20048,0.28481,0.28209,0.2844,0.30852,0.2617,0.24264,0.22487,0.19991,0.19658
Sat 02:30,0.21178,0.19329,0.25819,0.27218,0.28738,0.30088,0.25149,0.23485,0.21504,0.19825,0.18932
Sat 03:00,0.21296,0.20176,0.24941,0.26099,0.28886,0.29671,0.25233,0.22063,0.21526,0.19068,0.18493
Sat 03:30,0.22029,0.21333,0.27574,0.28984,0.30546,0.31083,0.2642,0.23954,0.2226,0.19582,0.2043
Sat 04:00,0.22525,0.21485,0.27394,0.2895,0.31594,0.30759,0.2816,0.23024,0.21973,0.18682,0.1931
Sat 04:30,0.22933,0.22612,0.30064,0.28723,0.31495,0.32404,0.28122,0.23054,0.21693,0.21806,0.18176
Sat 05:00,0.24998,0.23856,0.31045,0.31681,0.33534,0.32209,0.32683,0.2518,0.21731,0.24454,0.18962
Sat 05:30,0.2791,0.2527,0.31637,0.32762,0.3592,0.3489,0.30542,0.26019,0.24643,0.30852,0.20702
Sat 06:00,0.31352,0.27653,0.34861,0.32327,0.37459,0.36568,0.39029,0.31223,0.25989,0.30452,0.23432
Sat 06:30,0.37191,0.33269,0.36939,0.34177,0.45224,0.45093,0.4213,0.33787,0.32426,0.35633,0.25588
Sat 07:00,0.39918,0.39082,0.40638,0.41063,0.46426,0.46184,0.44634,0.33621,0.34211,0.39339,0.2816
Sat 07:30,0.4283,0.44112,0.4824,0.45946,0.49406,0.52538,0.49255,0.40602,0.4328,0.35557,0.33205
Sat 08:00,0.45836,0.41525,0.49758,0.49607,0.56614,0.54618,0.49656,0.44755,0.43741,0.33522,0.35103
Sat 08:30,0.46154,0.42414,0.54712,0.52231,0.57488,0.58944,0.50503,0.47402,0.45723,0.32592,0.38696
Sat 09:00,0.45556,0.41956,0.55518,0.57152,0.63581,0.59731,0.47258,0.47674,0.50624,0.2971,0.42811
Sat 09:30,0.48151,0.39694,0.59788,0.59065,0.65963,0.62756,0.4927,0.47326,0.48287,0.312,0.37387
Sat 10:00,0.46498,0.43299,0.65636,0.5992,0.60377,0.63089,0.48899,0.49331,0.49052,0.30383,0.3166
Sat 10:30,0.45212,0.4396,0.64218,0.66459,0.56444,0.57409,0.53627,0.50246,0.4395,0.29873,0.35822
Sat 11:00,0.45261,0.43321,0.68049,0.64734,0.59912,0.58899,0.54247,0.50526,0.42733,0.28488,0.32267
Sat 11:30,0.45776,0.45231,0.63925,0.63857,0.59345,0.64851,0.55994,0.52893,0.42403,0.29771,0.36979
Sat 12:00,0.48245,0.44017,0.65581,0.64454,0.61334,0.63414,0.5554,0.51683,0.42028,0.27542,0.35565
Sat 12:30,0.46173,0.43128,0.65772,0.66829,0.57878,0.6293,0.56085,0.43847,0.41947,0.27865,0.33855
Sat 13:00,0.44649,0.41975,0.63915,0.60453,0.59659,0.64473,0.51872,0.47803,0.40382,0.29604,0.30716
Sat 13:30,0.42296,0.41358,0.61387,0.63762,0.62658,0.65093,0.56796,0.45246,0.3898,0.28493,0.34816
Sat 14:00,0.42455,0.41616,0.61427,0.6296,0.59481,0.62491,0.5306,0.49217,0.38163,0.27305,0.31025
Sat 14:30,0.41808,0.44134,0.63573,0.63823,0.58993,0.63097,0.52553,0.4921,0.38594,0.29252,0.30232
Sat 15:00,0.44808,0.48491,0.65256,0.67325,0.64265,0.67514,0.54073,0.52765,0.39652,0.34438,0.32274
Sat 15:30,0.48657,0.54829,0.75477,0.74783,0.70059,0.71333,0.53264,0.49096,0.41404,0.35988,0.34286
Sat 16:00,0.51573,0.63376,0.80546,0.81204,0.80629,0.74072,0.59163,0.55351,0.45098,0.39331,0.39369
Sat 16:30,0.61641,0.66867,0.84292,0.91162,0.87781,0.8305,0.62015,0.55382,0.48386,0.44323,0.40693
Sat 17:00,0.69885,0.68406,0.82757,0.932,0.8859,0.88927,0.71099,0.61985,0.51408,0.46351,0.44528
Sat 17:30,0.70063,0.63698,0.79485,0.8564,0.89846,0.84479,0.77498,0.63044,0.52658,0.47258,0.40685
Sat 18:00,0.64961,0.62185,0.76581,0.88639,0.83704,0.81756,0.79487,0.65744,0.52321,0.48158,0.41986
Sat 18:30,0.61399,0.61243,0.76802,0.82252,0.78035,0.77354,0.71795,0.6228,0.51987,0.44391,0.42107
Sat 19:00,0.58872,0.58354,0.72453,0.74196,0.70082,0.73905,0.69617,0.65729,0.51502,0.47175,0.40057
Sat 19:30,0.56312,0.54932,0.71432,0.73901,0.69023,0.70433,0.67824,0.6172,0.52373,0.457,0.43461
Sat 20:00,0.55003,0.54285,0.65053,0.726,0.60839,0.65865,0.65018,0.59035,0.52188,0.43522,0.4542
Sat 20:30,0.51853,0.50556,0.62386,0.64042,0.6026,0.61864,0.6051,0.59617,0.52598,0.47629,0.45413
Sat 21:00,0.49758,0.48359,0.5788,0.61039,0.61622,0.58233,0.56758,0.53498,0.4775,0.46351,0.4505
Sat 21:30,0.46419,0.44516,0.55783,0.53646,0.5436,0.56335,0.5312,0.52008,0.47266,0.43862,0.41888
Sat 22:00,0.39486,0.41082,0.50822,0.51263,0.53419,0.49921,0.46184,0.48983,0.40905,0.3862,0.38333
Sat 22:30,0.3631,0.36071,0.44921,0.46823,0.45613,0.46025,0.42743,0.42743,0.37274,0.36745,0.34014
Sat 23:00,0.31824,0.32486,0.41559,0.40901,0.41287,0.41396,0.38878,0.33931,0.32834,0.32479,0.30981
Sat 23:30,0.26965,0.30062,0.38749,0.39029,0.39135,0.38567,0.35096,0.33417,0.30807,0.27721,0.27267
Sun 00:00,0.25511,0.29222,0.36805,0.36979,0.36143,0.35103,0.34135,0.30051,0.26919,0.25581,0.24786
Sun 00:30,0.22619,0.24336,0.33089,0.33625,0.32857,0.33643,0.31972,0.27925,0.28727,0.23841,0.23954
Sun 01:00,0.22014,0.23327,0.29966,0.31197,0.30981,0.31669,0.27608,0.27396,0.25611,0.24234,0.2279
Sun 01:30,0.21734,0.21613,0.28254,0.30096,0.29775,0.31185,0.26851,0.27706,0.24522,0.21209,0.21027
Sun 02:00,0.21288,0.20887,0.29538,0.28935,0.28958,0.2903,0.26957,0.25785,0.21942,0.20588,0.20672
Sun 02:30,0.20025,0.20812,0.28436,0.27018,0.27713,0.28424,0.24938,0.2285,0.21458,0.19159,0.19961
Sun 03:00,0.1976,0.21178,0.28818,0.27033,0.25584,0.28046,0.25119,0.2288,0.217,0.20112,0.19802
Sun 03:30,0.2265,0.21757,0.29241,0.29132,0.28496,0.29695,0.27297,0.23795,0.21035,0.19968,0.20157
Sun 04:00,0.25327,0.22404,0.28975,0.27498,0.27876,0.30051,0.28326,0.2257,0.22411,0.1844,0.19461
Sun 04:30,0.25543,0.22884,0.30039,0.28508,0.28413,0.29862,0.29468,0.24431,0.20089,0.19499,0.1835
Sun 05:00,0.27097,0.23376,0.31335,0.30633,0.31771,0.32388,0.30399,0.25225,0.21995,0.20097,0.20104
Sun 05:30,0.2867,0.24707,0.34156,0.32426,0.33235,0.32721,0.32819,0.26133,0.2614,0.20241,0.19166
Sun 06:00,0.33292,0.26193,0.37663,0.33935,0.36355,0.36276,0.36533,0.31367,0.25399,0.27925,0.2198
Sun 06:30,0.38416,0.29166,0.38492,0.36922,0.38458,0.37925,0.38545,0.35035,0.27487,0.2999,0.25732
Sun 07:00,0.42901,0.34082,0.37788,0.40103,0.42172,0.4247,0.44777,0.33802,0.32781,0.33878,0.2881
Sun 07:30,0.47621,0.40787,0.43034,0.45848,0.48211,0.49641,0.46623,0.41752,0.37418,0.33522,0.32948
Sun 08:00,0.49414,0.46763,0.48534,0.50495,0.5059,0.56312,0.51789,0.44112,0.40148,0.34044,0.37062
Sun 08:30,0.50703,0.50424,0.54926,0.54565,0.59474,0.57658,0.5989,0.5135,0.46018,0.38325,0.42758
Sun 09:00,0.49966,0.51815,0.59001,0.60234,0.6585,0.60964,0.54413,0.51592,0.45125,0.37569,0.40103
Sun 09:30,0.50477,0.518,0.58084,0.61501,0.64908,0.57409,0.61954,0.55866,0.47379,0.37849,0.38174
Sun 10:00,0.4893,0.54413,0.63064,0.62726,0.65214,0.6107,0.62234,0.5882,0.43295,0.40005,0.38348
Sun 10:30,0.49308,0.54156,0.61331,0.69843,0.70331,0.6529,0.6228,0.60018,0.47152,0.40806,0.36283
Sun 11:00,0.51104,0.53373,0.64277,0.7549,0.69306,0.6088,0.65116,0.56085,0.47349,0.38741,0.43851
Sun 11:30,0.5337,0.57155,0.61043,0.72275,0.67321,0.65691,0.7476,0.5936,0.5073,0.38106,0.43575
Sun 12:00,0.52167,0.57019,0.63575,0.72169,0.72082,0.6554,0.66349,0.60835,0.47878,0.36053,0.39914
Sun 12:30,0.51709,0.53638,0.60334,0.69787,0.66723,0.59655,0.70426,0.58074,0.48181,0.3498,0.39793
Sun 13:00,0.53362,0.53642,0.61501,0.73576,0.69306,0.5939,0.674,0.5253,0.46199,0.33548,0.36739
Sun 13:30,0.51755,0.50439,0.5864,0.72491,0.70082,0.63187,0.64118,0.54625,0.41253,0.31768,0.36707
Sun 14:00,0.53044,0.52197,0.61285,0.73886,0.722,0.6169,0.6529,0.53604,0.46381,0.3065,0.36993
Sun 14:30,0.56921,0.56365,0.6508,0.77574,0.70588,0.61206,0.70691,0.52923,0.50563,0.33949,0.38325
Sun 15:00,0.61728,0.59553,0.7257,0.82324,0.78156,0.66992,0.7029,0.52031,0.46229,0.35345,0.3735
Sun 15:30,0.6925,0.68584,0.79892,0.88412,0.82883,0.73572,0.7327,0.54247,0.47962,0.34665,0.38219
Sun 16:00,0.73587,0.79718,0.87191,0.96831,0.94327,0.79873,0.73391,0.59527,0.54066,0.36192,0.42016
Sun 16:30,0.78916,0.79287,0.88528,0.95885,0.99164,0.97716,0.78095,0.57416,0.58157,0.40163,0.45783
Sun 17:00,0.76984,0.76397,0.85918,0.98283,0.9573,0.99947,0.81023,0.55979,0.62144,0.46472,0.45927
Sun 17:30,0.74699,0.77468,0.84878,0.93809,0.95749,0.95689,0.77755,0.55684,0.61206,0.43597,0.4545
Sun 18:00,0.69363,0.75448,0.78657,0.86998,0.90591,0.92504,0.80955,0.59648,0.54466,0.45019,0.4446
Sun 18:30,0.65116,0.70528,0.77846,0.85372,0.84638,0.86809,0.80183,0.60192,0.52371,0.43022,0.45859
Sun 19:00,0.61228,0.66058,0.75658,0.78814,0.81877,0.84691,0.73867,0.60903,0.57991,0.38583,0.47319
Sun 19:30,0.57575,0.63244,0.71016,0.7608,0.76174,0.79941,0.69722,0.61001,0.53892,0.4036,0.46267
Sun 20:00,0.55862,0.59118,0.67247,0.7015,0.74578,0.75894,0.70101,0.56372,0.54845,0.43915,0.50669
Sun 20:30,0.4961,0.54693,0.64583,0.67866,0.68021,0.706,0.62907,0.5256,0.54262,0.43075,0.48801
Sun 21:00,0.47133,0.49951,0.60633,0.65025,0.63081,0.63399,0.57953,0.484,0.49444,0.43718,0.46252
Sun 21:30,0.42561,0.45224,0.57586,0.55522,0.57091,0.57182,0.54413,0.49815,0.47251,0.4213,0.43575
Sun 22:00,0.35209,0.39104,0.51416,0.49932,0.49361,0.49686,0.44444,0.43575,0.40942,0.39165,0.36714
Sun 22:30,0.30694,0.33303,0.46621,0.42448,0.42463,0.46494,0.37244,0.37637,0.34105,0.35678,0.30285
Sun 23:00,0.28175,0.29151,0.41672,0.37641,0.38068,0.38726,0.35776,0.32048,0.28228,0.31072,0.2701
Sun 23:30,0.24817,0.26473,0.37667,0.3314,0.3454,0.34733,0.3263,0.28341,0.25913,0.2726,0.24053
